environment,algorithm,mode,method,sequence,pair_index,calls,elapsed_ns,latency_us_per_call
Pendulum-v1,PPO,guarded,native_logic,0,0,1000,14117,0.014117000000000001
Pendulum-v1,PPO,guarded,critic,1,0,1000,66358018,66.358018
Pendulum-v1,PPO,guarded,wrapped,2,0,1000,74774281,74.774281
Pendulum-v1,PPO,guarded,base,3,0,1000,69266486,69.266486
Pendulum-v1,PPO,guarded,critic,4,1,1000,58777650,58.77765
Pendulum-v1,PPO,guarded,wrapped,5,1,1000,72056377,72.056377
Pendulum-v1,PPO,guarded,native_logic,6,1,1000,13436,0.013436
Pendulum-v1,PPO,guarded,base,7,1,1000,66950699,66.950699
Pendulum-v1,PPO,guarded,native_logic,8,2,1000,13476,0.013476
Pendulum-v1,PPO,guarded,base,9,2,1000,69880367,69.88036699999999
Pendulum-v1,PPO,guarded,critic,10,2,1000,60070456,60.070456
Pendulum-v1,PPO,guarded,wrapped,11,2,1000,74873361,74.873361
Pendulum-v1,PPO,guarded,wrapped,12,3,1000,75491790,75.49179
Pendulum-v1,PPO,guarded,native_logic,13,3,1000,13316,0.013316000000000001
Pendulum-v1,PPO,guarded,critic,14,3,1000,66929508,66.929508
Pendulum-v1,PPO,guarded,base,15,3,1000,71963860,71.96386
Pendulum-v1,PPO,guarded,base,16,4,1000,77284619,77.284619
Pendulum-v1,PPO,guarded,critic,17,4,1000,68288891,68.288891
Pendulum-v1,PPO,guarded,native_logic,18,4,1000,14838,0.014837999999999999
Pendulum-v1,PPO,guarded,wrapped,19,4,1000,74141574,74.14157399999999
Pendulum-v1,PPO,guarded,base,20,5,1000,72609532,72.609532
Pendulum-v1,PPO,guarded,critic,21,5,1000,66407352,66.407352
Pendulum-v1,PPO,guarded,native_logic,22,5,1000,14648,0.014648
Pendulum-v1,PPO,guarded,wrapped,23,5,1000,74255742,74.255742
Pendulum-v1,PPO,guarded,base,24,6,1000,73449945,73.44994500000001
Pendulum-v1,PPO,guarded,critic,25,6,1000,67647748,67.647748
Pendulum-v1,PPO,guarded,wrapped,26,6,1000,75883728,75.883728
Pendulum-v1,PPO,guarded,native_logic,27,6,1000,13977,0.013977
Pendulum-v1,PPO,guarded,native_logic,28,7,1000,12093,0.012093
Pendulum-v1,PPO,guarded,wrapped,29,7,1000,75821839,75.82183900000001
Pendulum-v1,PPO,guarded,critic,30,7,1000,73721393,73.72139299999999
Pendulum-v1,PPO,guarded,base,31,7,1000,70089145,70.089145
Pendulum-v1,PPO,guarded,wrapped,32,8,1000,74827853,74.827853
Pendulum-v1,PPO,guarded,base,33,8,1000,71725135,71.725135
Pendulum-v1,PPO,guarded,critic,34,8,1000,63756666,63.756665999999996
Pendulum-v1,PPO,guarded,native_logic,35,8,1000,14337,0.014336999999999999
Pendulum-v1,PPO,guarded,wrapped,36,9,1000,74619906,74.619906
Pendulum-v1,PPO,guarded,critic,37,9,1000,63791052,63.791052
Pendulum-v1,PPO,guarded,base,38,9,1000,75464117,75.464117
Pendulum-v1,PPO,guarded,native_logic,39,9,1000,20609,0.020609000000000002
Pendulum-v1,PPO,guarded,critic,40,10,1000,61472911,61.472911
Pendulum-v1,PPO,guarded,wrapped,41,10,1000,83229719,83.229719
Pendulum-v1,PPO,guarded,base,42,10,1000,71916390,71.91638999999999
Pendulum-v1,PPO,guarded,native_logic,43,10,1000,15199,0.015199
Pendulum-v1,PPO,guarded,base,44,11,1000,69619008,69.61900800000001
Pendulum-v1,PPO,guarded,critic,45,11,1000,58796927,58.796927000000004
Pendulum-v1,PPO,guarded,wrapped,46,11,1000,72403309,72.403309
Pendulum-v1,PPO,guarded,native_logic,47,11,1000,13586,0.013586
Pendulum-v1,PPO,guarded,critic,48,12,1000,61814582,61.814582
Pendulum-v1,PPO,guarded,base,49,12,1000,74260220,74.26022
Pendulum-v1,PPO,guarded,wrapped,50,12,1000,76593641,76.593641
Pendulum-v1,PPO,guarded,native_logic,51,12,1000,13445,0.013445
Pendulum-v1,PPO,guarded,base,52,13,1000,73773312,73.773312
Pendulum-v1,PPO,guarded,native_logic,53,13,1000,13125,0.013125
Pendulum-v1,PPO,guarded,critic,54,13,1000,64275276,64.27527599999999
Pendulum-v1,PPO,guarded,wrapped,55,13,1000,72549257,72.549257
Pendulum-v1,PPO,guarded,native_logic,56,14,1000,13295,0.013295
Pendulum-v1,PPO,guarded,wrapped,57,14,1000,78027807,78.027807
Pendulum-v1,PPO,guarded,critic,58,14,1000,64415884,64.41588399999999
Pendulum-v1,PPO,guarded,base,59,14,1000,75827239,75.827239
Pendulum-v1,PPO,guarded,native_logic,60,15,1000,14147,0.014147
Pendulum-v1,PPO,guarded,base,61,15,1000,76491736,76.491736
Pendulum-v1,PPO,guarded,critic,62,15,1000,66627722,66.62772199999999
Pendulum-v1,PPO,guarded,wrapped,63,15,1000,80838447,80.838447
Pendulum-v1,PPO,guarded,base,64,16,1000,70845848,70.845848
Pendulum-v1,PPO,guarded,wrapped,65,16,1000,78607582,78.607582
Pendulum-v1,PPO,guarded,critic,66,16,1000,67256712,67.256712
Pendulum-v1,PPO,guarded,native_logic,67,16,1000,13776,0.013776
Pendulum-v1,PPO,guarded,native_logic,68,17,1000,12374,0.012374000000000001
Pendulum-v1,PPO,guarded,base,69,17,1000,76536031,76.53603100000001
Pendulum-v1,PPO,guarded,critic,70,17,1000,64817861,64.817861
Pendulum-v1,PPO,guarded,wrapped,71,17,1000,78878099,78.878099
Pendulum-v1,PPO,guarded,native_logic,72,18,1000,13636,0.013635999999999999
Pendulum-v1,PPO,guarded,wrapped,73,18,1000,80945742,80.945742
Pendulum-v1,PPO,guarded,base,74,18,1000,77700532,77.70053200000001
Pendulum-v1,PPO,guarded,critic,75,18,1000,64985540,64.98554
Pendulum-v1,PPO,guarded,native_logic,76,19,1000,13466,0.013465999999999999
Pendulum-v1,PPO,guarded,base,77,19,1000,71699356,71.699356
Pendulum-v1,PPO,guarded,critic,78,19,1000,62541288,62.541288
Pendulum-v1,PPO,guarded,wrapped,79,19,1000,71124129,71.124129
Pendulum-v1,PPO,guarded,wrapped,80,20,1000,73772541,73.772541
Pendulum-v1,PPO,guarded,base,81,20,1000,71631737,71.63173699999999
Pendulum-v1,PPO,guarded,native_logic,82,20,1000,16792,0.016792
Pendulum-v1,PPO,guarded,critic,83,20,1000,64362833,64.362833
Pendulum-v1,PPO,guarded,wrapped,84,21,1000,77112331,77.11233100000001
Pendulum-v1,PPO,guarded,native_logic,85,21,1000,14257,0.014256999999999999
Pendulum-v1,PPO,guarded,critic,86,21,1000,70849866,70.84986599999999
Pendulum-v1,PPO,guarded,base,87,21,1000,80388249,80.388249
Pendulum-v1,PPO,guarded,critic,88,22,1000,61158211,61.158211
Pendulum-v1,PPO,guarded,native_logic,89,22,1000,14728,0.014728
Pendulum-v1,PPO,guarded,base,90,22,1000,73798690,73.79869000000001
Pendulum-v1,PPO,guarded,wrapped,91,22,1000,74187372,74.187372
Pendulum-v1,PPO,guarded,critic,92,23,1000,63717021,63.717021
Pendulum-v1,PPO,guarded,base,93,23,1000,71234489,71.234489
Pendulum-v1,PPO,guarded,native_logic,94,23,1000,12914,0.012914
Pendulum-v1,PPO,guarded,wrapped,95,23,1000,79309682,79.309682
Pendulum-v1,PPO,guarded,wrapped,96,24,1000,73859676,73.85967600000001
Pendulum-v1,PPO,guarded,native_logic,97,24,1000,12864,0.012864
Pendulum-v1,PPO,guarded,base,98,24,1000,71682665,71.682665
Pendulum-v1,PPO,guarded,critic,99,24,1000,63620226,63.620226
Pendulum-v1,PPO,guarded,native_logic,100,25,1000,12704,0.012704
Pendulum-v1,PPO,guarded,wrapped,101,25,1000,74158737,74.15873699999999
Pendulum-v1,PPO,guarded,base,102,25,1000,71035720,71.03572
Pendulum-v1,PPO,guarded,critic,103,25,1000,68596678,68.596678
Pendulum-v1,PPO,guarded,native_logic,104,26,1000,14889,0.014889
Pendulum-v1,PPO,guarded,wrapped,105,26,1000,77960057,77.960057
Pendulum-v1,PPO,guarded,critic,106,26,1000,64629611,64.629611
Pendulum-v1,PPO,guarded,base,107,26,1000,77119063,77.119063
Pendulum-v1,PPO,guarded,wrapped,108,27,1000,88388568,88.38856799999999
Pendulum-v1,PPO,guarded,critic,109,27,1000,61579304,61.57930399999999
Pendulum-v1,PPO,guarded,native_logic,110,27,1000,15369,0.015368999999999999
Pendulum-v1,PPO,guarded,base,111,27,1000,73617034,73.617034
Pendulum-v1,PPO,guarded,critic,112,28,1000,65231480,65.23148
Pendulum-v1,PPO,guarded,native_logic,113,28,1000,21290,0.02129
Pendulum-v1,PPO,guarded,wrapped,114,28,1000,79563716,79.563716
Pendulum-v1,PPO,guarded,base,115,28,1000,69547732,69.54773200000001
Pendulum-v1,PPO,guarded,wrapped,116,29,1000,71380247,71.380247
Pendulum-v1,PPO,guarded,critic,117,29,1000,58250104,58.250104
Pendulum-v1,PPO,guarded,native_logic,118,29,1000,15971,0.015971
Pendulum-v1,PPO,guarded,base,119,29,1000,71710607,71.71060700000001
CartpoleSwingupEnvLong-v0,PPO,guarded,native_logic,0,0,1000,27593,0.027593
CartpoleSwingupEnvLong-v0,PPO,guarded,critic,1,0,1000,73496995,73.496995
CartpoleSwingupEnvLong-v0,PPO,guarded,wrapped,2,0,1000,81413374,81.41337399999999
CartpoleSwingupEnvLong-v0,PPO,guarded,base,3,0,1000,85588076,85.588076
CartpoleSwingupEnvLong-v0,PPO,guarded,native_logic,4,1,1000,29095,0.029095
CartpoleSwingupEnvLong-v0,PPO,guarded,base,5,1,1000,85727012,85.727012
CartpoleSwingupEnvLong-v0,PPO,guarded,critic,6,1,1000,69051997,69.051997
CartpoleSwingupEnvLong-v0,PPO,guarded,wrapped,7,1,1000,80780097,80.780097
CartpoleSwingupEnvLong-v0,PPO,guarded,wrapped,8,2,1000,84327512,84.327512
CartpoleSwingupEnvLong-v0,PPO,guarded,base,9,2,1000,78481061,78.481061
CartpoleSwingupEnvLong-v0,PPO,guarded,critic,10,2,1000,73633295,73.633295
CartpoleSwingupEnvLong-v0,PPO,guarded,native_logic,11,2,1000,33805,0.033805
CartpoleSwingupEnvLong-v0,PPO,guarded,wrapped,12,3,1000,77911946,77.911946
CartpoleSwingupEnvLong-v0,PPO,guarded,base,13,3,1000,73129735,73.129735
CartpoleSwingupEnvLong-v0,PPO,guarded,critic,14,3,1000,64354487,64.354487
CartpoleSwingupEnvLong-v0,PPO,guarded,native_logic,15,3,1000,27643,0.027643
CartpoleSwingupEnvLong-v0,PPO,guarded,base,16,4,1000,74518523,74.518523
CartpoleSwingupEnvLong-v0,PPO,guarded,wrapped,17,4,1000,74439643,74.43964299999999
CartpoleSwingupEnvLong-v0,PPO,guarded,critic,18,4,1000,68459126,68.459126
CartpoleSwingupEnvLong-v0,PPO,guarded,native_logic,19,4,1000,27723,0.027722999999999998
CartpoleSwingupEnvLong-v0,PPO,guarded,base,20,5,1000,81276673,81.27667299999999
CartpoleSwingupEnvLong-v0,PPO,guarded,wrapped,21,5,1000,79565149,79.565149
CartpoleSwingupEnvLong-v0,PPO,guarded,critic,22,5,1000,64709304,64.709304
CartpoleSwingupEnvLong-v0,PPO,guarded,native_logic,23,5,1000,27042,0.027042
CartpoleSwingupEnvLong-v0,PPO,guarded,base,24,6,1000,70755305,70.75530499999999
CartpoleSwingupEnvLong-v0,PPO,guarded,wrapped,25,6,1000,71950816,71.950816
CartpoleSwingupEnvLong-v0,PPO,guarded,critic,26,6,1000,61994235,61.994235
CartpoleSwingupEnvLong-v0,PPO,guarded,native_logic,27,6,1000,27532,0.027532
CartpoleSwingupEnvLong-v0,PPO,guarded,base,28,7,1000,72790317,72.790317
CartpoleSwingupEnvLong-v0,PPO,guarded,wrapped,29,7,1000,72195863,72.195863
CartpoleSwingupEnvLong-v0,PPO,guarded,critic,30,7,1000,59712793,59.712793
CartpoleSwingupEnvLong-v0,PPO,guarded,native_logic,31,7,1000,25799,0.025799
CartpoleSwingupEnvLong-v0,PPO,guarded,critic,32,8,1000,60709305,60.709305
CartpoleSwingupEnvLong-v0,PPO,guarded,base,33,8,1000,72618099,72.618099
CartpoleSwingupEnvLong-v0,PPO,guarded,wrapped,34,8,1000,78928234,78.928234
CartpoleSwingupEnvLong-v0,PPO,guarded,native_logic,35,8,1000,25458,0.025457999999999998
CartpoleSwingupEnvLong-v0,PPO,guarded,critic,36,9,1000,64747887,64.747887
CartpoleSwingupEnvLong-v0,PPO,guarded,base,37,9,1000,71860012,71.860012
CartpoleSwingupEnvLong-v0,PPO,guarded,native_logic,38,9,1000,32121,0.032121000000000004
CartpoleSwingupEnvLong-v0,PPO,guarded,wrapped,39,9,1000,76780849,76.780849
CartpoleSwingupEnvLong-v0,PPO,guarded,native_logic,40,10,1000,25358,0.025358000000000002
CartpoleSwingupEnvLong-v0,PPO,guarded,wrapped,41,10,1000,77743685,77.743685
CartpoleSwingupEnvLong-v0,PPO,guarded,critic,42,10,1000,61170013,61.170013
CartpoleSwingupEnvLong-v0,PPO,guarded,base,43,10,1000,71827941,71.82794100000001
CartpoleSwingupEnvLong-v0,PPO,guarded,critic,44,11,1000,61076334,61.076334
CartpoleSwingupEnvLong-v0,PPO,guarded,native_logic,45,11,1000,25459,0.025459
CartpoleSwingupEnvLong-v0,PPO,guarded,base,46,11,1000,73614449,73.614449
CartpoleSwingupEnvLong-v0,PPO,guarded,wrapped,47,11,1000,73877541,73.877541
CartpoleSwingupEnvLong-v0,PPO,guarded,critic,48,12,1000,64013727,64.013727
CartpoleSwingupEnvLong-v0,PPO,guarded,wrapped,49,12,1000,73908750,73.90875
CartpoleSwingupEnvLong-v0,PPO,guarded,base,50,12,1000,71735254,71.735254
CartpoleSwingupEnvLong-v0,PPO,guarded,native_logic,51,12,1000,26821,0.026821
CartpoleSwingupEnvLong-v0,PPO,guarded,native_logic,52,13,1000,25359,0.025359000000000003
CartpoleSwingupEnvLong-v0,PPO,guarded,wrapped,53,13,1000,76159433,76.159433
CartpoleSwingupEnvLong-v0,PPO,guarded,critic,54,13,1000,62898651,62.898651
CartpoleSwingupEnvLong-v0,PPO,guarded,base,55,13,1000,75242384,75.242384
CartpoleSwingupEnvLong-v0,PPO,guarded,base,56,14,1000,71208871,71.208871
CartpoleSwingupEnvLong-v0,PPO,guarded,native_logic,57,14,1000,25349,0.025349
CartpoleSwingupEnvLong-v0,PPO,guarded,wrapped,58,14,1000,74854063,74.854063
CartpoleSwingupEnvLong-v0,PPO,guarded,critic,59,14,1000,68447453,68.447453
CartpoleSwingupEnvLong-v0,PPO,guarded,base,60,15,1000,73163138,73.163138
CartpoleSwingupEnvLong-v0,PPO,guarded,critic,61,15,1000,65502517,65.502517
CartpoleSwingupEnvLong-v0,PPO,guarded,wrapped,62,15,1000,69823108,69.82310799999999
CartpoleSwingupEnvLong-v0,PPO,guarded,native_logic,63,15,1000,25559,0.025559000000000002
CartpoleSwingupEnvLong-v0,PPO,guarded,wrapped,64,16,1000,72387409,72.387409
CartpoleSwingupEnvLong-v0,PPO,guarded,base,65,16,1000,68350519,68.350519
CartpoleSwingupEnvLong-v0,PPO,guarded,critic,66,16,1000,62418074,62.418074
CartpoleSwingupEnvLong-v0,PPO,guarded,native_logic,67,16,1000,25409,0.025408999999999998
CartpoleSwingupEnvLong-v0,PPO,guarded,native_logic,68,17,1000,25218,0.025218
CartpoleSwingupEnvLong-v0,PPO,guarded,wrapped,69,17,1000,70621029,70.621029
CartpoleSwingupEnvLong-v0,PPO,guarded,critic,70,17,1000,62243480,62.243480000000005
CartpoleSwingupEnvLong-v0,PPO,guarded,base,71,17,1000,70791795,70.791795
CartpoleSwingupEnvLong-v0,PPO,guarded,critic,72,18,1000,66616802,66.61680199999999
CartpoleSwingupEnvLong-v0,PPO,guarded,native_logic,73,18,1000,25378,0.025378
CartpoleSwingupEnvLong-v0,PPO,guarded,wrapped,74,18,1000,74651667,74.651667
CartpoleSwingupEnvLong-v0,PPO,guarded,base,75,18,1000,69069821,69.06982099999999
CartpoleSwingupEnvLong-v0,PPO,guarded,wrapped,76,19,1000,75841758,75.841758
CartpoleSwingupEnvLong-v0,PPO,guarded,critic,77,19,1000,63445854,63.445854
CartpoleSwingupEnvLong-v0,PPO,guarded,native_logic,78,19,1000,25268,0.025268000000000002
CartpoleSwingupEnvLong-v0,PPO,guarded,base,79,19,1000,71427889,71.427889
CartpoleSwingupEnvLong-v0,PPO,guarded,critic,80,20,1000,63281621,63.281621
CartpoleSwingupEnvLong-v0,PPO,guarded,base,81,20,1000,73400912,73.40091199999999
CartpoleSwingupEnvLong-v0,PPO,guarded,wrapped,82,20,1000,78236164,78.236164
CartpoleSwingupEnvLong-v0,PPO,guarded,native_logic,83,20,1000,27382,0.027382
CartpoleSwingupEnvLong-v0,PPO,guarded,base,84,21,1000,75000042,75.00004200000001
CartpoleSwingupEnvLong-v0,PPO,guarded,native_logic,85,21,1000,25409,0.025408999999999998
CartpoleSwingupEnvLong-v0,PPO,guarded,critic,86,21,1000,63403443,63.403442999999996
CartpoleSwingupEnvLong-v0,PPO,guarded,wrapped,87,21,1000,73264712,73.264712
CartpoleSwingupEnvLong-v0,PPO,guarded,critic,88,22,1000,64054986,64.054986
CartpoleSwingupEnvLong-v0,PPO,guarded,wrapped,89,22,1000,79100914,79.100914
CartpoleSwingupEnvLong-v0,PPO,guarded,base,90,22,1000,78819607,78.819607
CartpoleSwingupEnvLong-v0,PPO,guarded,native_logic,91,22,1000,27353,0.027353000000000002
CartpoleSwingupEnvLong-v0,PPO,guarded,wrapped,92,23,1000,74337578,74.337578
CartpoleSwingupEnvLong-v0,PPO,guarded,base,93,23,1000,74113391,74.11339100000001
CartpoleSwingupEnvLong-v0,PPO,guarded,native_logic,94,23,1000,27161,0.027161
CartpoleSwingupEnvLong-v0,PPO,guarded,critic,95,23,1000,63701651,63.701651
CartpoleSwingupEnvLong-v0,PPO,guarded,critic,96,24,1000,62531389,62.531389000000004
CartpoleSwingupEnvLong-v0,PPO,guarded,native_logic,97,24,1000,27011,0.027011
CartpoleSwingupEnvLong-v0,PPO,guarded,base,98,24,1000,74119061,74.119061
CartpoleSwingupEnvLong-v0,PPO,guarded,wrapped,99,24,1000,79927089,79.92708900000001
CartpoleSwingupEnvLong-v0,PPO,guarded,base,100,25,1000,71804858,71.804858
CartpoleSwingupEnvLong-v0,PPO,guarded,critic,101,25,1000,66437981,66.437981
CartpoleSwingupEnvLong-v0,PPO,guarded,wrapped,102,25,1000,69239354,69.239354
CartpoleSwingupEnvLong-v0,PPO,guarded,native_logic,103,25,1000,25719,0.025719000000000002
CartpoleSwingupEnvLong-v0,PPO,guarded,base,104,26,1000,69147529,69.14752899999999
CartpoleSwingupEnvLong-v0,PPO,guarded,critic,105,26,1000,58251787,58.25178699999999
CartpoleSwingupEnvLong-v0,PPO,guarded,wrapped,106,26,1000,70436478,70.43647800000001
CartpoleSwingupEnvLong-v0,PPO,guarded,native_logic,107,26,1000,33444,0.033444
CartpoleSwingupEnvLong-v0,PPO,guarded,critic,108,27,1000,58161174,58.161174
CartpoleSwingupEnvLong-v0,PPO,guarded,base,109,27,1000,74755024,74.755024
CartpoleSwingupEnvLong-v0,PPO,guarded,wrapped,110,27,1000,76828950,76.82894999999999
CartpoleSwingupEnvLong-v0,PPO,guarded,native_logic,111,27,1000,25168,0.025168
CartpoleSwingupEnvLong-v0,PPO,guarded,native_logic,112,28,1000,25188,0.025188
CartpoleSwingupEnvLong-v0,PPO,guarded,base,113,28,1000,71484467,71.48446700000001
CartpoleSwingupEnvLong-v0,PPO,guarded,critic,114,28,1000,62876127,62.876127000000004
CartpoleSwingupEnvLong-v0,PPO,guarded,wrapped,115,28,1000,70996705,70.996705
CartpoleSwingupEnvLong-v0,PPO,guarded,wrapped,116,29,1000,73323965,73.323965
CartpoleSwingupEnvLong-v0,PPO,guarded,critic,117,29,1000,63175779,63.175779000000006
CartpoleSwingupEnvLong-v0,PPO,guarded,base,118,29,1000,71174675,71.17467500000001
CartpoleSwingupEnvLong-v0,PPO,guarded,native_logic,119,29,1000,25098,0.025098
UnderwaterDrone-v0,TD3,guarded,native_logic,0,0,1000,18315,0.018315
UnderwaterDrone-v0,TD3,guarded,base,1,0,1000,90600918,90.60091800000001
UnderwaterDrone-v0,TD3,guarded,wrapped,2,0,1000,279057993,279.057993
UnderwaterDrone-v0,TD3,guarded,critic,3,0,1000,182902410,182.90241
UnderwaterDrone-v0,TD3,guarded,critic,4,1,1000,172170770,172.17076999999998
UnderwaterDrone-v0,TD3,guarded,native_logic,5,1,1000,13926,0.013926000000000001
UnderwaterDrone-v0,TD3,guarded,base,6,1,1000,82233869,82.23386900000001
UnderwaterDrone-v0,TD3,guarded,wrapped,7,1,1000,264389614,264.389614
UnderwaterDrone-v0,TD3,guarded,critic,8,2,1000,183577407,183.577407
UnderwaterDrone-v0,TD3,guarded,native_logic,9,2,1000,15239,0.015239
UnderwaterDrone-v0,TD3,guarded,wrapped,10,2,1000,275353957,275.353957
UnderwaterDrone-v0,TD3,guarded,base,11,2,1000,88121699,88.12169899999999
UnderwaterDrone-v0,TD3,guarded,wrapped,12,3,1000,277906897,277.906897
UnderwaterDrone-v0,TD3,guarded,critic,13,3,1000,182383209,182.383209
UnderwaterDrone-v0,TD3,guarded,base,14,3,1000,85708376,85.708376
UnderwaterDrone-v0,TD3,guarded,native_logic,15,3,1000,14537,0.014537000000000001
UnderwaterDrone-v0,TD3,guarded,wrapped,16,4,1000,274072513,274.07251299999996
UnderwaterDrone-v0,TD3,guarded,critic,17,4,1000,179908619,179.90861900000002
UnderwaterDrone-v0,TD3,guarded,base,18,4,1000,84019695,84.01969500000001
UnderwaterDrone-v0,TD3,guarded,native_logic,19,4,1000,24857,0.024857
UnderwaterDrone-v0,TD3,guarded,native_logic,20,5,1000,13686,0.013686
UnderwaterDrone-v0,TD3,guarded,critic,21,5,1000,171059351,171.059351
UnderwaterDrone-v0,TD3,guarded,base,22,5,1000,83761082,83.761082
UnderwaterDrone-v0,TD3,guarded,wrapped,23,5,1000,285063698,285.063698
UnderwaterDrone-v0,TD3,guarded,wrapped,24,6,1000,277015887,277.01588699999996
UnderwaterDrone-v0,TD3,guarded,native_logic,25,6,1000,14027,0.014027
UnderwaterDrone-v0,TD3,guarded,critic,26,6,1000,184188853,184.188853
UnderwaterDrone-v0,TD3,guarded,base,27,6,1000,82597944,82.597944
UnderwaterDrone-v0,TD3,guarded,base,28,7,1000,88117180,88.11717999999999
UnderwaterDrone-v0,TD3,guarded,critic,29,7,1000,185410233,185.410233
UnderwaterDrone-v0,TD3,guarded,wrapped,30,7,1000,274459912,274.45991200000003
UnderwaterDrone-v0,TD3,guarded,native_logic,31,7,1000,14418,0.014417999999999999
UnderwaterDrone-v0,TD3,guarded,wrapped,32,8,1000,267189635,267.189635
UnderwaterDrone-v0,TD3,guarded,base,33,8,1000,77843174,77.843174
UnderwaterDrone-v0,TD3,guarded,critic,34,8,1000,166515153,166.515153
UnderwaterDrone-v0,TD3,guarded,native_logic,35,8,1000,14809,0.014809
UnderwaterDrone-v0,TD3,guarded,wrapped,36,9,1000,258779314,258.779314
UnderwaterDrone-v0,TD3,guarded,native_logic,37,9,1000,14046,0.014046
UnderwaterDrone-v0,TD3,guarded,base,38,9,1000,83142231,83.142231
UnderwaterDrone-v0,TD3,guarded,critic,39,9,1000,180340293,180.340293
UnderwaterDrone-v0,TD3,guarded,critic,40,10,1000,178879206,178.879206
UnderwaterDrone-v0,TD3,guarded,wrapped,41,10,1000,272384634,272.384634
UnderwaterDrone-v0,TD3,guarded,base,42,10,1000,84939359,84.939359
UnderwaterDrone-v0,TD3,guarded,native_logic,43,10,1000,14538,0.014538
UnderwaterDrone-v0,TD3,guarded,wrapped,44,11,1000,273939369,273.939369
UnderwaterDrone-v0,TD3,guarded,critic,45,11,1000,174850121,174.850121
UnderwaterDrone-v0,TD3,guarded,base,46,11,1000,84016359,84.016359
UnderwaterDrone-v0,TD3,guarded,native_logic,47,11,1000,14097,0.014097
UnderwaterDrone-v0,TD3,guarded,critic,48,12,1000,169155149,169.155149
UnderwaterDrone-v0,TD3,guarded,base,49,12,1000,79744802,79.74480199999999
UnderwaterDrone-v0,TD3,guarded,wrapped,50,12,1000,248164748,248.164748
UnderwaterDrone-v0,TD3,guarded,native_logic,51,12,1000,13626,0.013626
UnderwaterDrone-v0,TD3,guarded,wrapped,52,13,1000,258267297,258.267297
UnderwaterDrone-v0,TD3,guarded,native_logic,53,13,1000,13446,0.013446
UnderwaterDrone-v0,TD3,guarded,base,54,13,1000,81859966,81.859966
UnderwaterDrone-v0,TD3,guarded,critic,55,13,1000,172784642,172.784642
UnderwaterDrone-v0,TD3,guarded,critic,56,14,1000,170503441,170.50344099999998
UnderwaterDrone-v0,TD3,guarded,native_logic,57,14,1000,14327,0.014327
UnderwaterDrone-v0,TD3,guarded,base,58,14,1000,86203591,86.203591
UnderwaterDrone-v0,TD3,guarded,wrapped,59,14,1000,268329580,268.32958
UnderwaterDrone-v0,TD3,guarded,wrapped,60,15,1000,274050632,274.050632
UnderwaterDrone-v0,TD3,guarded,critic,61,15,1000,185916509,185.916509
UnderwaterDrone-v0,TD3,guarded,base,62,15,1000,88117211,88.117211
UnderwaterDrone-v0,TD3,guarded,native_logic,63,15,1000,21841,0.021841000000000003
UnderwaterDrone-v0,TD3,guarded,base,64,16,1000,89599407,89.59940700000001
UnderwaterDrone-v0,TD3,guarded,native_logic,65,16,1000,15300,0.015300000000000001
UnderwaterDrone-v0,TD3,guarded,critic,66,16,1000,164270161,164.270161
UnderwaterDrone-v0,TD3,guarded,wrapped,67,16,1000,254999815,254.999815
UnderwaterDrone-v0,TD3,guarded,wrapped,68,17,1000,270495661,270.49566100000004
UnderwaterDrone-v0,TD3,guarded,native_logic,69,17,1000,14278,0.014278
UnderwaterDrone-v0,TD3,guarded,base,70,17,1000,81973452,81.97345200000001
UnderwaterDrone-v0,TD3,guarded,critic,71,17,1000,183385601,183.385601
UnderwaterDrone-v0,TD3,guarded,wrapped,72,18,1000,276619441,276.619441
UnderwaterDrone-v0,TD3,guarded,base,73,18,1000,85222048,85.222048
UnderwaterDrone-v0,TD3,guarded,native_logic,74,18,1000,13966,0.013966
UnderwaterDrone-v0,TD3,guarded,critic,75,18,1000,176263617,176.263617
UnderwaterDrone-v0,TD3,guarded,base,76,19,1000,85151855,85.151855
UnderwaterDrone-v0,TD3,guarded,native_logic,77,19,1000,14517,0.014516999999999999
UnderwaterDrone-v0,TD3,guarded,critic,78,19,1000,172192912,172.192912
UnderwaterDrone-v0,TD3,guarded,wrapped,79,19,1000,267174806,267.174806
UnderwaterDrone-v0,TD3,guarded,wrapped,80,20,1000,253733309,253.73330900000002
UnderwaterDrone-v0,TD3,guarded,native_logic,81,20,1000,13826,0.013826
UnderwaterDrone-v0,TD3,guarded,critic,82,20,1000,164481304,164.481304
UnderwaterDrone-v0,TD3,guarded,base,83,20,1000,86999499,86.999499
UnderwaterDrone-v0,TD3,guarded,wrapped,84,21,1000,263533873,263.533873
UnderwaterDrone-v0,TD3,guarded,critic,85,21,1000,170583503,170.583503
UnderwaterDrone-v0,TD3,guarded,native_logic,86,21,1000,14107,0.014107
UnderwaterDrone-v0,TD3,guarded,base,87,21,1000,82342416,82.342416
UnderwaterDrone-v0,TD3,guarded,native_logic,88,22,1000,17454,0.017454
UnderwaterDrone-v0,TD3,guarded,wrapped,89,22,1000,265017792,265.01779200000004
UnderwaterDrone-v0,TD3,guarded,critic,90,22,1000,174967184,174.967184
UnderwaterDrone-v0,TD3,guarded,base,91,22,1000,80079780,80.07978
UnderwaterDrone-v0,TD3,guarded,wrapped,92,23,1000,259495320,259.49532
UnderwaterDrone-v0,TD3,guarded,critic,93,23,1000,164139402,164.139402
UnderwaterDrone-v0,TD3,guarded,native_logic,94,23,1000,13385,0.013385
UnderwaterDrone-v0,TD3,guarded,base,95,23,1000,78140031,78.14003100000001
UnderwaterDrone-v0,TD3,guarded,critic,96,24,1000,162771664,162.771664
UnderwaterDrone-v0,TD3,guarded,native_logic,97,24,1000,18977,0.018977
UnderwaterDrone-v0,TD3,guarded,base,98,24,1000,87588151,87.588151
UnderwaterDrone-v0,TD3,guarded,wrapped,99,24,1000,248389377,248.389377
UnderwaterDrone-v0,TD3,guarded,wrapped,100,25,1000,256757237,256.757237
UnderwaterDrone-v0,TD3,guarded,base,101,25,1000,84015357,84.01535700000001
UnderwaterDrone-v0,TD3,guarded,critic,102,25,1000,171554666,171.554666
UnderwaterDrone-v0,TD3,guarded,native_logic,103,25,1000,13756,0.013756
UnderwaterDrone-v0,TD3,guarded,native_logic,104,26,1000,13916,0.013916
UnderwaterDrone-v0,TD3,guarded,wrapped,105,26,1000,257745773,257.745773
UnderwaterDrone-v0,TD3,guarded,critic,106,26,1000,169122857,169.12285699999998
UnderwaterDrone-v0,TD3,guarded,base,107,26,1000,80097344,80.09734399999999
UnderwaterDrone-v0,TD3,guarded,native_logic,108,27,1000,17403,0.017403
UnderwaterDrone-v0,TD3,guarded,critic,109,27,1000,168496293,168.496293
UnderwaterDrone-v0,TD3,guarded,wrapped,110,27,1000,248773138,248.77313800000002
UnderwaterDrone-v0,TD3,guarded,base,111,27,1000,82313791,82.313791
UnderwaterDrone-v0,TD3,guarded,native_logic,112,28,1000,13596,0.013596
UnderwaterDrone-v0,TD3,guarded,critic,113,28,1000,159887903,159.887903
UnderwaterDrone-v0,TD3,guarded,base,114,28,1000,83083870,83.08386999999999
UnderwaterDrone-v0,TD3,guarded,wrapped,115,28,1000,250424428,250.424428
UnderwaterDrone-v0,TD3,guarded,native_logic,116,29,1000,13566,0.013566
UnderwaterDrone-v0,TD3,guarded,wrapped,117,29,1000,259045902,259.045902
UnderwaterDrone-v0,TD3,guarded,critic,118,29,1000,169625757,169.62575700000002
UnderwaterDrone-v0,TD3,guarded,base,119,29,1000,81941381,81.94138099999999
RobotNavigationConstSpeedCatch-v0,TD3,guarded,base,0,0,1000,72317505,72.31750500000001
RobotNavigationConstSpeedCatch-v0,TD3,guarded,native_logic,1,0,1000,49484,0.049484
RobotNavigationConstSpeedCatch-v0,TD3,guarded,critic,2,0,1000,179055993,179.055993
RobotNavigationConstSpeedCatch-v0,TD3,guarded,wrapped,3,0,1000,250010989,250.010989
RobotNavigationConstSpeedCatch-v0,TD3,guarded,wrapped,4,1,1000,247391773,247.391773
RobotNavigationConstSpeedCatch-v0,TD3,guarded,base,5,1,1000,71159897,71.159897
RobotNavigationConstSpeedCatch-v0,TD3,guarded,native_logic,6,1,1000,49795,0.049795
RobotNavigationConstSpeedCatch-v0,TD3,guarded,critic,7,1,1000,172585201,172.585201
RobotNavigationConstSpeedCatch-v0,TD3,guarded,base,8,2,1000,70122809,70.12280899999999
RobotNavigationConstSpeedCatch-v0,TD3,guarded,wrapped,9,2,1000,260569869,260.569869
RobotNavigationConstSpeedCatch-v0,TD3,guarded,critic,10,2,1000,183980125,183.980125
RobotNavigationConstSpeedCatch-v0,TD3,guarded,native_logic,11,2,1000,57109,0.057109
RobotNavigationConstSpeedCatch-v0,TD3,guarded,base,12,3,1000,73981058,73.981058
RobotNavigationConstSpeedCatch-v0,TD3,guarded,critic,13,3,1000,176281602,176.28160200000002
RobotNavigationConstSpeedCatch-v0,TD3,guarded,native_logic,14,3,1000,49374,0.049374
RobotNavigationConstSpeedCatch-v0,TD3,guarded,wrapped,15,3,1000,262893992,262.893992
RobotNavigationConstSpeedCatch-v0,TD3,guarded,wrapped,16,4,1000,260950715,260.950715
RobotNavigationConstSpeedCatch-v0,TD3,guarded,native_logic,17,4,1000,51078,0.051078000000000005
RobotNavigationConstSpeedCatch-v0,TD3,guarded,critic,18,4,1000,168508595,168.508595
RobotNavigationConstSpeedCatch-v0,TD3,guarded,base,19,4,1000,72366389,72.366389
RobotNavigationConstSpeedCatch-v0,TD3,guarded,critic,20,5,1000,171724629,171.724629
RobotNavigationConstSpeedCatch-v0,TD3,guarded,base,21,5,1000,73130646,73.130646
RobotNavigationConstSpeedCatch-v0,TD3,guarded,native_logic,22,5,1000,51388,0.051387999999999996
RobotNavigationConstSpeedCatch-v0,TD3,guarded,wrapped,23,5,1000,247840339,247.840339
RobotNavigationConstSpeedCatch-v0,TD3,guarded,wrapped,24,6,1000,257710525,257.710525
RobotNavigationConstSpeedCatch-v0,TD3,guarded,native_logic,25,6,1000,50266,0.050266
RobotNavigationConstSpeedCatch-v0,TD3,guarded,base,26,6,1000,75671483,75.671483
RobotNavigationConstSpeedCatch-v0,TD3,guarded,critic,27,6,1000,177645844,177.645844
RobotNavigationConstSpeedCatch-v0,TD3,guarded,native_logic,28,7,1000,49424,0.049424
RobotNavigationConstSpeedCatch-v0,TD3,guarded,base,29,7,1000,75145580,75.14558
RobotNavigationConstSpeedCatch-v0,TD3,guarded,wrapped,30,7,1000,257151489,257.151489
RobotNavigationConstSpeedCatch-v0,TD3,guarded,critic,31,7,1000,178538065,178.538065
RobotNavigationConstSpeedCatch-v0,TD3,guarded,base,32,8,1000,71847428,71.847428
RobotNavigationConstSpeedCatch-v0,TD3,guarded,critic,33,8,1000,171303306,171.30330600000002
RobotNavigationConstSpeedCatch-v0,TD3,guarded,wrapped,34,8,1000,244369078,244.369078
RobotNavigationConstSpeedCatch-v0,TD3,guarded,native_logic,35,8,1000,49615,0.049615
RobotNavigationConstSpeedCatch-v0,TD3,guarded,base,36,9,1000,74143047,74.14304700000001
RobotNavigationConstSpeedCatch-v0,TD3,guarded,native_logic,37,9,1000,51248,0.051247999999999995
RobotNavigationConstSpeedCatch-v0,TD3,guarded,critic,38,9,1000,175320878,175.320878
RobotNavigationConstSpeedCatch-v0,TD3,guarded,wrapped,39,9,1000,245955444,245.955444
RobotNavigationConstSpeedCatch-v0,TD3,guarded,wrapped,40,10,1000,248342918,248.342918
RobotNavigationConstSpeedCatch-v0,TD3,guarded,native_logic,41,10,1000,49635,0.049635
RobotNavigationConstSpeedCatch-v0,TD3,guarded,critic,42,10,1000,171549305,171.549305
RobotNavigationConstSpeedCatch-v0,TD3,guarded,base,43,10,1000,73546389,73.54638899999999
RobotNavigationConstSpeedCatch-v0,TD3,guarded,native_logic,44,11,1000,51548,0.051548000000000004
RobotNavigationConstSpeedCatch-v0,TD3,guarded,wrapped,45,11,1000,258466627,258.466627
RobotNavigationConstSpeedCatch-v0,TD3,guarded,critic,46,11,1000,181160998,181.160998
RobotNavigationConstSpeedCatch-v0,TD3,guarded,base,47,11,1000,73321450,73.32145
RobotNavigationConstSpeedCatch-v0,TD3,guarded,base,48,12,1000,75166259,75.16625900000001
RobotNavigationConstSpeedCatch-v0,TD3,guarded,critic,49,12,1000,178367400,178.3674
RobotNavigationConstSpeedCatch-v0,TD3,guarded,native_logic,50,12,1000,51458,0.051458
RobotNavigationConstSpeedCatch-v0,TD3,guarded,wrapped,51,12,1000,249384063,249.384063
RobotNavigationConstSpeedCatch-v0,TD3,guarded,wrapped,52,13,1000,247446287,247.446287
RobotNavigationConstSpeedCatch-v0,TD3,guarded,native_logic,53,13,1000,49013,0.049013
RobotNavigationConstSpeedCatch-v0,TD3,guarded,base,54,13,1000,72694905,72.694905
RobotNavigationConstSpeedCatch-v0,TD3,guarded,critic,55,13,1000,170322475,170.322475
RobotNavigationConstSpeedCatch-v0,TD3,guarded,critic,56,14,1000,170207496,170.20749600000002
RobotNavigationConstSpeedCatch-v0,TD3,guarded,wrapped,57,14,1000,257727768,257.727768
RobotNavigationConstSpeedCatch-v0,TD3,guarded,base,58,14,1000,73430428,73.430428
RobotNavigationConstSpeedCatch-v0,TD3,guarded,native_logic,59,14,1000,49705,0.049705
RobotNavigationConstSpeedCatch-v0,TD3,guarded,wrapped,60,15,1000,263633553,263.633553
RobotNavigationConstSpeedCatch-v0,TD3,guarded,base,61,15,1000,73239454,73.239454
RobotNavigationConstSpeedCatch-v0,TD3,guarded,native_logic,62,15,1000,49424,0.049424
RobotNavigationConstSpeedCatch-v0,TD3,guarded,critic,63,15,1000,176334091,176.33409099999997
RobotNavigationConstSpeedCatch-v0,TD3,guarded,native_logic,64,16,1000,49244,0.049244
RobotNavigationConstSpeedCatch-v0,TD3,guarded,critic,65,16,1000,173304733,173.304733
RobotNavigationConstSpeedCatch-v0,TD3,guarded,wrapped,66,16,1000,242923410,242.92341
RobotNavigationConstSpeedCatch-v0,TD3,guarded,base,67,16,1000,72139255,72.139255
RobotNavigationConstSpeedCatch-v0,TD3,guarded,wrapped,68,17,1000,247136938,247.136938
RobotNavigationConstSpeedCatch-v0,TD3,guarded,native_logic,69,17,1000,49905,0.049905
RobotNavigationConstSpeedCatch-v0,TD3,guarded,base,70,17,1000,69000428,69.000428
RobotNavigationConstSpeedCatch-v0,TD3,guarded,critic,71,17,1000,163274873,163.27487299999999
RobotNavigationConstSpeedCatch-v0,TD3,guarded,base,72,18,1000,69653473,69.65347299999999
RobotNavigationConstSpeedCatch-v0,TD3,guarded,native_logic,73,18,1000,50827,0.050827
RobotNavigationConstSpeedCatch-v0,TD3,guarded,critic,74,18,1000,164948976,164.948976
RobotNavigationConstSpeedCatch-v0,TD3,guarded,wrapped,75,18,1000,257967024,257.967024
RobotNavigationConstSpeedCatch-v0,TD3,guarded,base,76,19,1000,76049613,76.049613
RobotNavigationConstSpeedCatch-v0,TD3,guarded,native_logic,77,19,1000,50326,0.050326
RobotNavigationConstSpeedCatch-v0,TD3,guarded,critic,78,19,1000,170328456,170.32845600000002
RobotNavigationConstSpeedCatch-v0,TD3,guarded,wrapped,79,19,1000,254892780,254.89278
RobotNavigationConstSpeedCatch-v0,TD3,guarded,native_logic,80,20,1000,49244,0.049244
RobotNavigationConstSpeedCatch-v0,TD3,guarded,base,81,20,1000,73531721,73.531721
RobotNavigationConstSpeedCatch-v0,TD3,guarded,critic,82,20,1000,176007578,176.007578
RobotNavigationConstSpeedCatch-v0,TD3,guarded,wrapped,83,20,1000,247505681,247.505681
RobotNavigationConstSpeedCatch-v0,TD3,guarded,base,84,21,1000,71885642,71.885642
RobotNavigationConstSpeedCatch-v0,TD3,guarded,wrapped,85,21,1000,245402198,245.402198
RobotNavigationConstSpeedCatch-v0,TD3,guarded,critic,86,21,1000,165775202,165.77520199999998
RobotNavigationConstSpeedCatch-v0,TD3,guarded,native_logic,87,21,1000,49244,0.049244
RobotNavigationConstSpeedCatch-v0,TD3,guarded,native_logic,88,22,1000,48753,0.048753
RobotNavigationConstSpeedCatch-v0,TD3,guarded,wrapped,89,22,1000,247720220,247.72022
RobotNavigationConstSpeedCatch-v0,TD3,guarded,critic,90,22,1000,174071636,174.071636
RobotNavigationConstSpeedCatch-v0,TD3,guarded,base,91,22,1000,73600181,73.60018099999999
RobotNavigationConstSpeedCatch-v0,TD3,guarded,critic,92,23,1000,182358221,182.358221
RobotNavigationConstSpeedCatch-v0,TD3,guarded,wrapped,93,23,1000,257053983,257.053983
RobotNavigationConstSpeedCatch-v0,TD3,guarded,base,94,23,1000,79959772,79.959772
RobotNavigationConstSpeedCatch-v0,TD3,guarded,native_logic,95,23,1000,51649,0.051649
RobotNavigationConstSpeedCatch-v0,TD3,guarded,native_logic,96,24,1000,48874,0.048874
RobotNavigationConstSpeedCatch-v0,TD3,guarded,base,97,24,1000,73702737,73.702737
RobotNavigationConstSpeedCatch-v0,TD3,guarded,wrapped,98,24,1000,244766015,244.766015
RobotNavigationConstSpeedCatch-v0,TD3,guarded,critic,99,24,1000,172327379,172.32737899999998
RobotNavigationConstSpeedCatch-v0,TD3,guarded,critic,100,25,1000,171249914,171.249914
RobotNavigationConstSpeedCatch-v0,TD3,guarded,native_logic,101,25,1000,51879,0.051878999999999995
RobotNavigationConstSpeedCatch-v0,TD3,guarded,base,102,25,1000,71271250,71.27125
RobotNavigationConstSpeedCatch-v0,TD3,guarded,wrapped,103,25,1000,243486896,243.486896
RobotNavigationConstSpeedCatch-v0,TD3,guarded,wrapped,104,26,1000,252861086,252.861086
RobotNavigationConstSpeedCatch-v0,TD3,guarded,critic,105,26,1000,171935852,171.935852
RobotNavigationConstSpeedCatch-v0,TD3,guarded,base,106,26,1000,71670201,71.670201
RobotNavigationConstSpeedCatch-v0,TD3,guarded,native_logic,107,26,1000,50166,0.050165999999999995
RobotNavigationConstSpeedCatch-v0,TD3,guarded,critic,108,27,1000,184865334,184.865334
RobotNavigationConstSpeedCatch-v0,TD3,guarded,base,109,27,1000,70177703,70.177703
RobotNavigationConstSpeedCatch-v0,TD3,guarded,native_logic,110,27,1000,51087,0.051087
RobotNavigationConstSpeedCatch-v0,TD3,guarded,wrapped,111,27,1000,256434952,256.434952
RobotNavigationConstSpeedCatch-v0,TD3,guarded,native_logic,112,28,1000,48933,0.048933
RobotNavigationConstSpeedCatch-v0,TD3,guarded,critic,113,28,1000,172084165,172.084165
RobotNavigationConstSpeedCatch-v0,TD3,guarded,base,114,28,1000,72592309,72.592309
RobotNavigationConstSpeedCatch-v0,TD3,guarded,wrapped,115,28,1000,247634537,247.63453700000002
RobotNavigationConstSpeedCatch-v0,TD3,guarded,base,116,29,1000,71803635,71.803635
RobotNavigationConstSpeedCatch-v0,TD3,guarded,native_logic,117,29,1000,50566,0.050566
RobotNavigationConstSpeedCatch-v0,TD3,guarded,wrapped,118,29,1000,239014245,239.014245
RobotNavigationConstSpeedCatch-v0,TD3,guarded,critic,119,29,1000,162220692,162.220692
