environment,run_name,run_id,trial,reward,goal_reached
pendulum,calf_wrapper_brave_late,56e484fc996d4b64a391f5f47bb66799,0,-533.4515380859375,False
pendulum,calf_wrapper_brave_late,56e484fc996d4b64a391f5f47bb66799,1,-482.39263916015625,False
pendulum,calf_wrapper_brave_late,56e484fc996d4b64a391f5f47bb66799,2,-550.015380859375,False
pendulum,calf_wrapper_brave_late,56e484fc996d4b64a391f5f47bb66799,3,-525.2079467773438,False
pendulum,calf_wrapper_brave_late,56e484fc996d4b64a391f5f47bb66799,4,-578.7100830078125,False
pendulum,calf_wrapper_brave_late,56e484fc996d4b64a391f5f47bb66799,5,-408.39947509765625,False
pendulum,calf_wrapper_brave_late,56e484fc996d4b64a391f5f47bb66799,6,-411.7478942871094,False
pendulum,calf_wrapper_brave_late,56e484fc996d4b64a391f5f47bb66799,7,-406.0678405761719,False
pendulum,calf_wrapper_brave_late,56e484fc996d4b64a391f5f47bb66799,8,-299.4727478027344,False
pendulum,calf_wrapper_brave_late,56e484fc996d4b64a391f5f47bb66799,9,-1069.024658203125,False
pendulum,calf_wrapper_brave_late,56e484fc996d4b64a391f5f47bb66799,10,-408.8929138183594,False
pendulum,calf_wrapper_brave_late,56e484fc996d4b64a391f5f47bb66799,11,-669.7041015625,False
pendulum,calf_wrapper_brave_late,56e484fc996d4b64a391f5f47bb66799,12,-408.3644714355469,False
pendulum,calf_wrapper_brave_late,56e484fc996d4b64a391f5f47bb66799,13,-395.8777160644531,False
pendulum,calf_wrapper_brave_late,56e484fc996d4b64a391f5f47bb66799,14,-540.451416015625,False
pendulum,calf_wrapper_brave_late,56e484fc996d4b64a391f5f47bb66799,15,-282.5993957519531,False
pendulum,calf_wrapper_brave_late,56e484fc996d4b64a391f5f47bb66799,16,-534.4884033203125,False
pendulum,calf_wrapper_brave_late,56e484fc996d4b64a391f5f47bb66799,17,-406.99652099609375,False
pendulum,calf_wrapper_brave_late,56e484fc996d4b64a391f5f47bb66799,18,-403.5892639160156,False
pendulum,calf_wrapper_brave_late,56e484fc996d4b64a391f5f47bb66799,19,-534.26904296875,False
pendulum,calf_wrapper_brave_late,56e484fc996d4b64a391f5f47bb66799,20,-468.7100830078125,False
pendulum,calf_wrapper_brave_late,56e484fc996d4b64a391f5f47bb66799,21,-408.12518310546875,False
pendulum,calf_wrapper_brave_late,56e484fc996d4b64a391f5f47bb66799,22,-1175.9083251953125,False
pendulum,calf_wrapper_brave_late,56e484fc996d4b64a391f5f47bb66799,23,-526.30078125,False
pendulum,calf_wrapper_brave_late,56e484fc996d4b64a391f5f47bb66799,24,-1006.3424682617188,False
pendulum,calf_wrapper_brave_late,56e484fc996d4b64a391f5f47bb66799,25,-528.5406494140625,False
pendulum,calf_wrapper_brave_late,56e484fc996d4b64a391f5f47bb66799,26,-423.5691223144531,False
pendulum,calf_wrapper_brave_late,56e484fc996d4b64a391f5f47bb66799,27,-409.5873107910156,False
pendulum,calf_wrapper_brave_late,56e484fc996d4b64a391f5f47bb66799,28,-534.7520141601562,False
pendulum,calf_wrapper_brave_late,56e484fc996d4b64a391f5f47bb66799,29,-402.3968200683594,False
pendulum,calf_wrapper_balanced_late,1a3a17ab0e4042dfa097d4ee2ab45d40,0,-637.3663940429688,False
pendulum,calf_wrapper_balanced_late,1a3a17ab0e4042dfa097d4ee2ab45d40,1,-641.4033813476562,False
pendulum,calf_wrapper_balanced_late,1a3a17ab0e4042dfa097d4ee2ab45d40,2,-726.7314453125,False
pendulum,calf_wrapper_balanced_late,1a3a17ab0e4042dfa097d4ee2ab45d40,3,-637.5557250976562,False
pendulum,calf_wrapper_balanced_late,1a3a17ab0e4042dfa097d4ee2ab45d40,4,-801.1580200195312,False
pendulum,calf_wrapper_balanced_late,1a3a17ab0e4042dfa097d4ee2ab45d40,5,-631.9771728515625,False
pendulum,calf_wrapper_balanced_late,1a3a17ab0e4042dfa097d4ee2ab45d40,6,-641.0823974609375,False
pendulum,calf_wrapper_balanced_late,1a3a17ab0e4042dfa097d4ee2ab45d40,7,-645.6300048828125,False
pendulum,calf_wrapper_balanced_late,1a3a17ab0e4042dfa097d4ee2ab45d40,8,-714.48046875,False
pendulum,calf_wrapper_balanced_late,1a3a17ab0e4042dfa097d4ee2ab45d40,9,-741.7775268554688,False
pendulum,calf_wrapper_balanced_late,1a3a17ab0e4042dfa097d4ee2ab45d40,10,-641.2987060546875,False
pendulum,calf_wrapper_balanced_late,1a3a17ab0e4042dfa097d4ee2ab45d40,11,-816.0484008789062,False
pendulum,calf_wrapper_balanced_late,1a3a17ab0e4042dfa097d4ee2ab45d40,12,-749.6492309570312,False
pendulum,calf_wrapper_balanced_late,1a3a17ab0e4042dfa097d4ee2ab45d40,13,-651.5291137695312,False
pendulum,calf_wrapper_balanced_late,1a3a17ab0e4042dfa097d4ee2ab45d40,14,-641.187744140625,False
pendulum,calf_wrapper_balanced_late,1a3a17ab0e4042dfa097d4ee2ab45d40,15,-638.7009887695312,False
pendulum,calf_wrapper_balanced_late,1a3a17ab0e4042dfa097d4ee2ab45d40,16,-639.637451171875,False
pendulum,calf_wrapper_balanced_late,1a3a17ab0e4042dfa097d4ee2ab45d40,17,-640.1915283203125,False
pendulum,calf_wrapper_balanced_late,1a3a17ab0e4042dfa097d4ee2ab45d40,18,-752.8563232421875,False
pendulum,calf_wrapper_balanced_late,1a3a17ab0e4042dfa097d4ee2ab45d40,19,-635.9382934570312,False
pendulum,calf_wrapper_balanced_late,1a3a17ab0e4042dfa097d4ee2ab45d40,20,-640.8133544921875,False
pendulum,calf_wrapper_balanced_late,1a3a17ab0e4042dfa097d4ee2ab45d40,21,-639.6019897460938,False
pendulum,calf_wrapper_balanced_late,1a3a17ab0e4042dfa097d4ee2ab45d40,22,-786.3195190429688,False
pendulum,calf_wrapper_balanced_late,1a3a17ab0e4042dfa097d4ee2ab45d40,23,-765.5090942382812,False
pendulum,calf_wrapper_balanced_late,1a3a17ab0e4042dfa097d4ee2ab45d40,24,-756.5227661132812,False
pendulum,calf_wrapper_balanced_late,1a3a17ab0e4042dfa097d4ee2ab45d40,25,-687.2542724609375,False
pendulum,calf_wrapper_balanced_late,1a3a17ab0e4042dfa097d4ee2ab45d40,26,-636.8963623046875,False
pendulum,calf_wrapper_balanced_late,1a3a17ab0e4042dfa097d4ee2ab45d40,27,-637.20068359375,False
pendulum,calf_wrapper_balanced_late,1a3a17ab0e4042dfa097d4ee2ab45d40,28,-635.681884765625,False
pendulum,calf_wrapper_balanced_late,1a3a17ab0e4042dfa097d4ee2ab45d40,29,-633.129638671875,False
pendulum,calf_wrapper_conservative_late,af4204d9b2f74b129d217296cef5c92a,0,-505.2135925292969,True
pendulum,calf_wrapper_conservative_late,af4204d9b2f74b129d217296cef5c92a,1,-631.007080078125,True
pendulum,calf_wrapper_conservative_late,af4204d9b2f74b129d217296cef5c92a,2,-367.5325012207031,True
pendulum,calf_wrapper_conservative_late,af4204d9b2f74b129d217296cef5c92a,3,-631.0000610351562,True
pendulum,calf_wrapper_conservative_late,af4204d9b2f74b129d217296cef5c92a,4,-409.347412109375,True
pendulum,calf_wrapper_conservative_late,af4204d9b2f74b129d217296cef5c92a,5,-627.667724609375,True
pendulum,calf_wrapper_conservative_late,af4204d9b2f74b129d217296cef5c92a,6,-375.2633056640625,True
pendulum,calf_wrapper_conservative_late,af4204d9b2f74b129d217296cef5c92a,7,-249.09921264648438,True
pendulum,calf_wrapper_conservative_late,af4204d9b2f74b129d217296cef5c92a,8,-375.81671142578125,True
pendulum,calf_wrapper_conservative_late,af4204d9b2f74b129d217296cef5c92a,9,-503.97137451171875,True
pendulum,calf_wrapper_conservative_late,af4204d9b2f74b129d217296cef5c92a,10,-630.8255004882812,True
pendulum,calf_wrapper_conservative_late,af4204d9b2f74b129d217296cef5c92a,11,-777.3143920898438,True
pendulum,calf_wrapper_conservative_late,af4204d9b2f74b129d217296cef5c92a,12,-246.3382568359375,True
pendulum,calf_wrapper_conservative_late,af4204d9b2f74b129d217296cef5c92a,13,-367.02001953125,True
pendulum,calf_wrapper_conservative_late,af4204d9b2f74b129d217296cef5c92a,14,-634.1583862304688,True
pendulum,calf_wrapper_conservative_late,af4204d9b2f74b129d217296cef5c92a,15,-629.3738403320312,True
pendulum,calf_wrapper_conservative_late,af4204d9b2f74b129d217296cef5c92a,16,-251.0376739501953,True
pendulum,calf_wrapper_conservative_late,af4204d9b2f74b129d217296cef5c92a,17,-629.7109375,True
pendulum,calf_wrapper_conservative_late,af4204d9b2f74b129d217296cef5c92a,18,-248.7297821044922,True
pendulum,calf_wrapper_conservative_late,af4204d9b2f74b129d217296cef5c92a,19,-250.4248046875,True
pendulum,calf_wrapper_conservative_late,af4204d9b2f74b129d217296cef5c92a,20,-630.8419189453125,True
pendulum,calf_wrapper_conservative_late,af4204d9b2f74b129d217296cef5c92a,21,-641.8894653320312,False
pendulum,calf_wrapper_conservative_late,af4204d9b2f74b129d217296cef5c92a,22,-785.4977416992188,False
pendulum,calf_wrapper_conservative_late,af4204d9b2f74b129d217296cef5c92a,23,-386.6156921386719,True
pendulum,calf_wrapper_conservative_late,af4204d9b2f74b129d217296cef5c92a,24,-372.0627136230469,True
pendulum,calf_wrapper_conservative_late,af4204d9b2f74b129d217296cef5c92a,25,-250.32408142089844,True
pendulum,calf_wrapper_conservative_late,af4204d9b2f74b129d217296cef5c92a,26,-126.44043731689453,True
pendulum,calf_wrapper_conservative_late,af4204d9b2f74b129d217296cef5c92a,27,-629.8980712890625,True
pendulum,calf_wrapper_conservative_late,af4204d9b2f74b129d217296cef5c92a,28,-249.8587188720703,True
pendulum,calf_wrapper_conservative_late,af4204d9b2f74b129d217296cef5c92a,29,-248.06072998046875,True
pendulum,base_late,2d958a33e8c84e399e7c4f321162bfcc,0,-155.14920043945312,False
pendulum,base_late,2d958a33e8c84e399e7c4f321162bfcc,1,-158.1329345703125,False
pendulum,base_late,2d958a33e8c84e399e7c4f321162bfcc,2,-268.2453308105469,False
pendulum,base_late,2d958a33e8c84e399e7c4f321162bfcc,3,-156.20330810546875,False
pendulum,base_late,2d958a33e8c84e399e7c4f321162bfcc,4,-326.9870300292969,False
pendulum,base_late,2d958a33e8c84e399e7c4f321162bfcc,5,-153.24993896484375,False
pendulum,base_late,2d958a33e8c84e399e7c4f321162bfcc,6,-153.63177490234375,False
pendulum,base_late,2d958a33e8c84e399e7c4f321162bfcc,7,-153.38424682617188,False
pendulum,base_late,2d958a33e8c84e399e7c4f321162bfcc,8,-149.30320739746094,False
pendulum,base_late,2d958a33e8c84e399e7c4f321162bfcc,9,-1491.5731201171875,False
pendulum,base_late,2d958a33e8c84e399e7c4f321162bfcc,10,-155.96688842773438,False
pendulum,base_late,2d958a33e8c84e399e7c4f321162bfcc,11,-418.2568664550781,False
pendulum,base_late,2d958a33e8c84e399e7c4f321162bfcc,12,-144.74569702148438,False
pendulum,base_late,2d958a33e8c84e399e7c4f321162bfcc,13,-143.3769989013672,False
pendulum,base_late,2d958a33e8c84e399e7c4f321162bfcc,14,-159.90963745117188,False
pendulum,base_late,2d958a33e8c84e399e7c4f321162bfcc,15,-156.01690673828125,False
pendulum,base_late,2d958a33e8c84e399e7c4f321162bfcc,16,-154.6605987548828,False
pendulum,base_late,2d958a33e8c84e399e7c4f321162bfcc,17,-155.0303192138672,False
pendulum,base_late,2d958a33e8c84e399e7c4f321162bfcc,18,-149.98890686035156,False
pendulum,base_late,2d958a33e8c84e399e7c4f321162bfcc,19,-154.4522705078125,False
pendulum,base_late,2d958a33e8c84e399e7c4f321162bfcc,20,-155.14585876464844,False
pendulum,base_late,2d958a33e8c84e399e7c4f321162bfcc,21,-155.04522705078125,False
pendulum,base_late,2d958a33e8c84e399e7c4f321162bfcc,22,-1491.0096435546875,False
pendulum,base_late,2d958a33e8c84e399e7c4f321162bfcc,23,-275.3604736328125,False
pendulum,base_late,2d958a33e8c84e399e7c4f321162bfcc,24,-1495.317626953125,False
pendulum,base_late,2d958a33e8c84e399e7c4f321162bfcc,25,-152.6475067138672,False
pendulum,base_late,2d958a33e8c84e399e7c4f321162bfcc,26,-27.558940887451172,False
pendulum,base_late,2d958a33e8c84e399e7c4f321162bfcc,27,-156.04254150390625,False
pendulum,base_late,2d958a33e8c84e399e7c4f321162bfcc,28,-154.01551818847656,False
pendulum,base_late,2d958a33e8c84e399e7c4f321162bfcc,29,-149.4457550048828,False
pendulum,calf_wrapper_brave_mid,89d3c57e3f784b0989e8a731b43985a7,0,-522.9112548828125,False
pendulum,calf_wrapper_brave_mid,89d3c57e3f784b0989e8a731b43985a7,1,-662.1494140625,False
pendulum,calf_wrapper_brave_mid,89d3c57e3f784b0989e8a731b43985a7,2,-767.438720703125,False
pendulum,calf_wrapper_brave_mid,89d3c57e3f784b0989e8a731b43985a7,3,-656.7122192382812,False
pendulum,calf_wrapper_brave_mid,89d3c57e3f784b0989e8a731b43985a7,4,-572.7227172851562,False
pendulum,calf_wrapper_brave_mid,89d3c57e3f784b0989e8a731b43985a7,5,-263.2623291015625,False
pendulum,calf_wrapper_brave_mid,89d3c57e3f784b0989e8a731b43985a7,6,-136.6581268310547,False
pendulum,calf_wrapper_brave_mid,89d3c57e3f784b0989e8a731b43985a7,7,-395.34027099609375,False
pendulum,calf_wrapper_brave_mid,89d3c57e3f784b0989e8a731b43985a7,8,-393.7684631347656,False
pendulum,calf_wrapper_brave_mid,89d3c57e3f784b0989e8a731b43985a7,9,-451.5965270996094,False
pendulum,calf_wrapper_brave_mid,89d3c57e3f784b0989e8a731b43985a7,10,-525.3341064453125,False
pendulum,calf_wrapper_brave_mid,89d3c57e3f784b0989e8a731b43985a7,11,-682.1588134765625,False
pendulum,calf_wrapper_brave_mid,89d3c57e3f784b0989e8a731b43985a7,12,-487.3954162597656,False
pendulum,calf_wrapper_brave_mid,89d3c57e3f784b0989e8a731b43985a7,13,-526.560302734375,False
pendulum,calf_wrapper_brave_mid,89d3c57e3f784b0989e8a731b43985a7,14,-549.448486328125,False
pendulum,calf_wrapper_brave_mid,89d3c57e3f784b0989e8a731b43985a7,15,-648.2059326171875,False
pendulum,calf_wrapper_brave_mid,89d3c57e3f784b0989e8a731b43985a7,16,-525.8809814453125,False
pendulum,calf_wrapper_brave_mid,89d3c57e3f784b0989e8a731b43985a7,17,-657.970458984375,False
pendulum,calf_wrapper_brave_mid,89d3c57e3f784b0989e8a731b43985a7,18,-523.1674194335938,False
pendulum,calf_wrapper_brave_mid,89d3c57e3f784b0989e8a731b43985a7,19,-266.3619384765625,False
pendulum,calf_wrapper_brave_mid,89d3c57e3f784b0989e8a731b43985a7,20,-655.6472778320312,False
pendulum,calf_wrapper_brave_mid,89d3c57e3f784b0989e8a731b43985a7,21,-663.751220703125,False
pendulum,calf_wrapper_brave_mid,89d3c57e3f784b0989e8a731b43985a7,22,-299.53753662109375,False
pendulum,calf_wrapper_brave_mid,89d3c57e3f784b0989e8a731b43985a7,23,-653.5491943359375,False
pendulum,calf_wrapper_brave_mid,89d3c57e3f784b0989e8a731b43985a7,24,-275.04168701171875,False
pendulum,calf_wrapper_brave_mid,89d3c57e3f784b0989e8a731b43985a7,25,-264.21014404296875,False
pendulum,calf_wrapper_brave_mid,89d3c57e3f784b0989e8a731b43985a7,26,-629.3574829101562,False
pendulum,calf_wrapper_brave_mid,89d3c57e3f784b0989e8a731b43985a7,27,-533.5264282226562,False
pendulum,calf_wrapper_brave_mid,89d3c57e3f784b0989e8a731b43985a7,28,-140.0484161376953,False
pendulum,calf_wrapper_brave_mid,89d3c57e3f784b0989e8a731b43985a7,29,-528.6755981445312,False
pendulum,calf_wrapper_balanced_mid,1d6173087cd746dfbfcb7c2ae4dd636e,0,-378.6813659667969,True
pendulum,calf_wrapper_balanced_mid,1d6173087cd746dfbfcb7c2ae4dd636e,1,-638.4117431640625,False
pendulum,calf_wrapper_balanced_mid,1d6173087cd746dfbfcb7c2ae4dd636e,2,-755.66357421875,False
pendulum,calf_wrapper_balanced_mid,1d6173087cd746dfbfcb7c2ae4dd636e,3,-636.2246704101562,False
pendulum,calf_wrapper_balanced_mid,1d6173087cd746dfbfcb7c2ae4dd636e,4,-410.9904479980469,True
pendulum,calf_wrapper_balanced_mid,1d6173087cd746dfbfcb7c2ae4dd636e,5,-379.0293884277344,True
pendulum,calf_wrapper_balanced_mid,1d6173087cd746dfbfcb7c2ae4dd636e,6,-381.3922119140625,True
pendulum,calf_wrapper_balanced_mid,1d6173087cd746dfbfcb7c2ae4dd636e,7,-254.24887084960938,True
pendulum,calf_wrapper_balanced_mid,1d6173087cd746dfbfcb7c2ae4dd636e,8,-638.5825805664062,False
pendulum,calf_wrapper_balanced_mid,1d6173087cd746dfbfcb7c2ae4dd636e,9,-453.1097106933594,True
pendulum,calf_wrapper_balanced_mid,1d6173087cd746dfbfcb7c2ae4dd636e,10,-638.0730590820312,False
pendulum,calf_wrapper_balanced_mid,1d6173087cd746dfbfcb7c2ae4dd636e,11,-581.9649047851562,True
pendulum,calf_wrapper_balanced_mid,1d6173087cd746dfbfcb7c2ae4dd636e,12,-248.69798278808594,True
pendulum,calf_wrapper_balanced_mid,1d6173087cd746dfbfcb7c2ae4dd636e,13,-625.6949462890625,True
pendulum,calf_wrapper_balanced_mid,1d6173087cd746dfbfcb7c2ae4dd636e,14,-635.9202270507812,False
pendulum,calf_wrapper_balanced_mid,1d6173087cd746dfbfcb7c2ae4dd636e,15,-506.5475769042969,True
pendulum,calf_wrapper_balanced_mid,1d6173087cd746dfbfcb7c2ae4dd636e,16,-381.5528259277344,True
pendulum,calf_wrapper_balanced_mid,1d6173087cd746dfbfcb7c2ae4dd636e,17,-638.4688720703125,True
pendulum,calf_wrapper_balanced_mid,1d6173087cd746dfbfcb7c2ae4dd636e,18,-376.65301513671875,True
pendulum,calf_wrapper_balanced_mid,1d6173087cd746dfbfcb7c2ae4dd636e,19,-382.36663818359375,True
pendulum,calf_wrapper_balanced_mid,1d6173087cd746dfbfcb7c2ae4dd636e,20,-640.0343017578125,False
pendulum,calf_wrapper_balanced_mid,1d6173087cd746dfbfcb7c2ae4dd636e,21,-637.5064086914062,False
pendulum,calf_wrapper_balanced_mid,1d6173087cd746dfbfcb7c2ae4dd636e,22,-642.97802734375,True
pendulum,calf_wrapper_balanced_mid,1d6173087cd746dfbfcb7c2ae4dd636e,23,-527.8508911132812,True
pendulum,calf_wrapper_balanced_mid,1d6173087cd746dfbfcb7c2ae4dd636e,24,-376.2161865234375,True
pendulum,calf_wrapper_balanced_mid,1d6173087cd746dfbfcb7c2ae4dd636e,25,-629.7173461914062,False
pendulum,calf_wrapper_balanced_mid,1d6173087cd746dfbfcb7c2ae4dd636e,26,-737.1558837890625,False
pendulum,calf_wrapper_balanced_mid,1d6173087cd746dfbfcb7c2ae4dd636e,27,-763.0377197265625,False
pendulum,calf_wrapper_balanced_mid,1d6173087cd746dfbfcb7c2ae4dd636e,28,-634.3423461914062,False
pendulum,calf_wrapper_balanced_mid,1d6173087cd746dfbfcb7c2ae4dd636e,29,-377.2170715332031,True
pendulum,calf_wrapper_conservative_mid,f70a6ee31174412f8cba5c955e24f63f,0,-371.7846374511719,True
pendulum,calf_wrapper_conservative_mid,f70a6ee31174412f8cba5c955e24f63f,1,-630.2969360351562,True
pendulum,calf_wrapper_conservative_mid,f70a6ee31174412f8cba5c955e24f63f,2,-368.5746765136719,True
pendulum,calf_wrapper_conservative_mid,f70a6ee31174412f8cba5c955e24f63f,3,-503.3216857910156,True
pendulum,calf_wrapper_conservative_mid,f70a6ee31174412f8cba5c955e24f63f,4,-390.76300048828125,True
pendulum,calf_wrapper_conservative_mid,f70a6ee31174412f8cba5c955e24f63f,5,-246.7737274169922,True
pendulum,calf_wrapper_conservative_mid,f70a6ee31174412f8cba5c955e24f63f,6,-250.59326171875,True
pendulum,calf_wrapper_conservative_mid,f70a6ee31174412f8cba5c955e24f63f,7,-249.34957885742188,True
pendulum,calf_wrapper_conservative_mid,f70a6ee31174412f8cba5c955e24f63f,8,-368.1383972167969,True
pendulum,calf_wrapper_conservative_mid,f70a6ee31174412f8cba5c955e24f63f,9,-659.1355590820312,True
pendulum,calf_wrapper_conservative_mid,f70a6ee31174412f8cba5c955e24f63f,10,-376.4230041503906,True
pendulum,calf_wrapper_conservative_mid,f70a6ee31174412f8cba5c955e24f63f,11,-630.9364013671875,True
pendulum,calf_wrapper_conservative_mid,f70a6ee31174412f8cba5c955e24f63f,12,-248.22305297851562,True
pendulum,calf_wrapper_conservative_mid,f70a6ee31174412f8cba5c955e24f63f,13,-365.88970947265625,True
pendulum,calf_wrapper_conservative_mid,f70a6ee31174412f8cba5c955e24f63f,14,-250.45542907714844,True
pendulum,calf_wrapper_conservative_mid,f70a6ee31174412f8cba5c955e24f63f,15,-374.7718200683594,True
pendulum,calf_wrapper_conservative_mid,f70a6ee31174412f8cba5c955e24f63f,16,-249.7996826171875,True
pendulum,calf_wrapper_conservative_mid,f70a6ee31174412f8cba5c955e24f63f,17,-629.7743530273438,True
pendulum,calf_wrapper_conservative_mid,f70a6ee31174412f8cba5c955e24f63f,18,-247.27244567871094,True
pendulum,calf_wrapper_conservative_mid,f70a6ee31174412f8cba5c955e24f63f,19,-250.62478637695312,True
pendulum,calf_wrapper_conservative_mid,f70a6ee31174412f8cba5c955e24f63f,20,-629.3547973632812,True
pendulum,calf_wrapper_conservative_mid,f70a6ee31174412f8cba5c955e24f63f,21,-631.2178955078125,True
pendulum,calf_wrapper_conservative_mid,f70a6ee31174412f8cba5c955e24f63f,22,-638.2603149414062,True
pendulum,calf_wrapper_conservative_mid,f70a6ee31174412f8cba5c955e24f63f,23,-533.77880859375,True
pendulum,calf_wrapper_conservative_mid,f70a6ee31174412f8cba5c955e24f63f,24,-247.3450164794922,True
pendulum,calf_wrapper_conservative_mid,f70a6ee31174412f8cba5c955e24f63f,25,-250.46713256835938,True
pendulum,calf_wrapper_conservative_mid,f70a6ee31174412f8cba5c955e24f63f,26,-125.85661315917969,True
pendulum,calf_wrapper_conservative_mid,f70a6ee31174412f8cba5c955e24f63f,27,-504.4467468261719,True
pendulum,calf_wrapper_conservative_mid,f70a6ee31174412f8cba5c955e24f63f,28,-250.74905395507812,True
pendulum,calf_wrapper_conservative_mid,f70a6ee31174412f8cba5c955e24f63f,29,-247.41461181640625,True
pendulum,base_mid,109b04d5746d4e129d6491c62c11bd2d,0,-273.2276306152344,False
pendulum,base_mid,109b04d5746d4e129d6491c62c11bd2d,1,-661.881591796875,False
pendulum,base_mid,109b04d5746d4e129d6491c62c11bd2d,2,-657.6771850585938,False
pendulum,base_mid,109b04d5746d4e129d6491c62c11bd2d,3,-658.87646484375,False
pendulum,base_mid,109b04d5746d4e129d6491c62c11bd2d,4,-318.09222412109375,False
pendulum,base_mid,109b04d5746d4e129d6491c62c11bd2d,5,-406.36444091796875,False
pendulum,base_mid,109b04d5746d4e129d6491c62c11bd2d,6,-401.8241271972656,False
pendulum,base_mid,109b04d5746d4e129d6491c62c11bd2d,7,-142.01226806640625,False
pendulum,base_mid,109b04d5746d4e129d6491c62c11bd2d,8,-269.4134521484375,False
pendulum,base_mid,109b04d5746d4e129d6491c62c11bd2d,9,-396.841064453125,False
pendulum,base_mid,109b04d5746d4e129d6491c62c11bd2d,10,-660.51220703125,False
pendulum,base_mid,109b04d5746d4e129d6491c62c11bd2d,11,-436.2628173828125,False
pendulum,base_mid,109b04d5746d4e129d6491c62c11bd2d,12,-131.39353942871094,False
pendulum,base_mid,109b04d5746d4e129d6491c62c11bd2d,13,-263.9911804199219,False
pendulum,base_mid,109b04d5746d4e129d6491c62c11bd2d,14,-408.9884033203125,False
pendulum,base_mid,109b04d5746d4e129d6491c62c11bd2d,15,-658.5079345703125,False
pendulum,base_mid,109b04d5746d4e129d6491c62c11bd2d,16,-141.1853790283203,False
pendulum,base_mid,109b04d5746d4e129d6491c62c11bd2d,17,-659.7361450195312,False
pendulum,base_mid,109b04d5746d4e129d6491c62c11bd2d,18,-136.8369598388672,False
pendulum,base_mid,109b04d5746d4e129d6491c62c11bd2d,19,-143.75637817382812,False
pendulum,base_mid,109b04d5746d4e129d6491c62c11bd2d,20,-660.3734130859375,False
pendulum,base_mid,109b04d5746d4e129d6491c62c11bd2d,21,-659.9796142578125,False
pendulum,base_mid,109b04d5746d4e129d6491c62c11bd2d,22,-938.3019409179688,False
pendulum,base_mid,109b04d5746d4e129d6491c62c11bd2d,23,-401.4793395996094,False
pendulum,base_mid,109b04d5746d4e129d6491c62c11bd2d,24,-278.5301208496094,False
pendulum,base_mid,109b04d5746d4e129d6491c62c11bd2d,25,-404.0289611816406,False
pendulum,base_mid,109b04d5746d4e129d6491c62c11bd2d,26,-588.2787475585938,False
pendulum,base_mid,109b04d5746d4e129d6491c62c11bd2d,27,-660.2088623046875,False
pendulum,base_mid,109b04d5746d4e129d6491c62c11bd2d,28,-404.6868591308594,False
pendulum,base_mid,109b04d5746d4e129d6491c62c11bd2d,29,-133.91314697265625,False
pendulum,calf_wrapper_brave_early,0a9a2503881b443f86b37dfd0cbb5867,0,-797.020263671875,False
pendulum,calf_wrapper_brave_early,0a9a2503881b443f86b37dfd0cbb5867,1,-775.571044921875,False
pendulum,calf_wrapper_brave_early,0a9a2503881b443f86b37dfd0cbb5867,2,-842.1778564453125,False
pendulum,calf_wrapper_brave_early,0a9a2503881b443f86b37dfd0cbb5867,3,-770.1212158203125,False
pendulum,calf_wrapper_brave_early,0a9a2503881b443f86b37dfd0cbb5867,4,-1526.0462646484375,False
pendulum,calf_wrapper_brave_early,0a9a2503881b443f86b37dfd0cbb5867,5,-769.4110107421875,False
pendulum,calf_wrapper_brave_early,0a9a2503881b443f86b37dfd0cbb5867,6,-773.086181640625,False
pendulum,calf_wrapper_brave_early,0a9a2503881b443f86b37dfd0cbb5867,7,-773.8353271484375,False
pendulum,calf_wrapper_brave_early,0a9a2503881b443f86b37dfd0cbb5867,8,-892.0463256835938,False
pendulum,calf_wrapper_brave_early,0a9a2503881b443f86b37dfd0cbb5867,9,-1503.33154296875,False
pendulum,calf_wrapper_brave_early,0a9a2503881b443f86b37dfd0cbb5867,10,-775.5986938476562,False
pendulum,calf_wrapper_brave_early,0a9a2503881b443f86b37dfd0cbb5867,11,-1060.7999267578125,False
pendulum,calf_wrapper_brave_early,0a9a2503881b443f86b37dfd0cbb5867,12,-762.48095703125,False
pendulum,calf_wrapper_brave_early,0a9a2503881b443f86b37dfd0cbb5867,13,-893.2975463867188,False
pendulum,calf_wrapper_brave_early,0a9a2503881b443f86b37dfd0cbb5867,14,-772.8592529296875,False
pendulum,calf_wrapper_brave_early,0a9a2503881b443f86b37dfd0cbb5867,15,-779.7921752929688,False
pendulum,calf_wrapper_brave_early,0a9a2503881b443f86b37dfd0cbb5867,16,-773.4824829101562,False
pendulum,calf_wrapper_brave_early,0a9a2503881b443f86b37dfd0cbb5867,17,-771.228759765625,False
pendulum,calf_wrapper_brave_early,0a9a2503881b443f86b37dfd0cbb5867,18,-768.7158203125,False
pendulum,calf_wrapper_brave_early,0a9a2503881b443f86b37dfd0cbb5867,19,-773.80517578125,False
pendulum,calf_wrapper_brave_early,0a9a2503881b443f86b37dfd0cbb5867,20,-774.6397094726562,False
pendulum,calf_wrapper_brave_early,0a9a2503881b443f86b37dfd0cbb5867,21,-783.3099975585938,False
pendulum,calf_wrapper_brave_early,0a9a2503881b443f86b37dfd0cbb5867,22,-1518.849853515625,False
pendulum,calf_wrapper_brave_early,0a9a2503881b443f86b37dfd0cbb5867,23,-899.9351196289062,False
pendulum,calf_wrapper_brave_early,0a9a2503881b443f86b37dfd0cbb5867,24,-1543.4051513671875,False
pendulum,calf_wrapper_brave_early,0a9a2503881b443f86b37dfd0cbb5867,25,-770.4608764648438,False
pendulum,calf_wrapper_brave_early,0a9a2503881b443f86b37dfd0cbb5867,26,-769.9841918945312,False
pendulum,calf_wrapper_brave_early,0a9a2503881b443f86b37dfd0cbb5867,27,-772.7233276367188,False
pendulum,calf_wrapper_brave_early,0a9a2503881b443f86b37dfd0cbb5867,28,-773.210693359375,False
pendulum,calf_wrapper_brave_early,0a9a2503881b443f86b37dfd0cbb5867,29,-762.2527465820312,False
pendulum,calf_wrapper_balanced_early,dd6990345cff401c9cac8adbc22f9bf9,0,-625.1473999023438,False
pendulum,calf_wrapper_balanced_early,dd6990345cff401c9cac8adbc22f9bf9,1,-628.1250610351562,False
pendulum,calf_wrapper_balanced_early,dd6990345cff401c9cac8adbc22f9bf9,2,-865.1835327148438,False
pendulum,calf_wrapper_balanced_early,dd6990345cff401c9cac8adbc22f9bf9,3,-679.431640625,False
pendulum,calf_wrapper_balanced_early,dd6990345cff401c9cac8adbc22f9bf9,4,-779.213134765625,False
pendulum,calf_wrapper_balanced_early,dd6990345cff401c9cac8adbc22f9bf9,5,-748.264404296875,False
pendulum,calf_wrapper_balanced_early,dd6990345cff401c9cac8adbc22f9bf9,6,-639.9275512695312,False
pendulum,calf_wrapper_balanced_early,dd6990345cff401c9cac8adbc22f9bf9,7,-634.6148681640625,False
pendulum,calf_wrapper_balanced_early,dd6990345cff401c9cac8adbc22f9bf9,8,-695.599853515625,False
pendulum,calf_wrapper_balanced_early,dd6990345cff401c9cac8adbc22f9bf9,9,-965.2930908203125,False
pendulum,calf_wrapper_balanced_early,dd6990345cff401c9cac8adbc22f9bf9,10,-632.6102294921875,False
pendulum,calf_wrapper_balanced_early,dd6990345cff401c9cac8adbc22f9bf9,11,-807.8765258789062,False
pendulum,calf_wrapper_balanced_early,dd6990345cff401c9cac8adbc22f9bf9,12,-375.8332214355469,True
pendulum,calf_wrapper_balanced_early,dd6990345cff401c9cac8adbc22f9bf9,13,-770.2752075195312,False
pendulum,calf_wrapper_balanced_early,dd6990345cff401c9cac8adbc22f9bf9,14,-624.8692016601562,False
pendulum,calf_wrapper_balanced_early,dd6990345cff401c9cac8adbc22f9bf9,15,-637.1678466796875,False
pendulum,calf_wrapper_balanced_early,dd6990345cff401c9cac8adbc22f9bf9,16,-634.8677368164062,False
pendulum,calf_wrapper_balanced_early,dd6990345cff401c9cac8adbc22f9bf9,17,-633.4241943359375,True
pendulum,calf_wrapper_balanced_early,dd6990345cff401c9cac8adbc22f9bf9,18,-666.9945678710938,False
pendulum,calf_wrapper_balanced_early,dd6990345cff401c9cac8adbc22f9bf9,19,-622.0927734375,False
pendulum,calf_wrapper_balanced_early,dd6990345cff401c9cac8adbc22f9bf9,20,-632.2218017578125,True
pendulum,calf_wrapper_balanced_early,dd6990345cff401c9cac8adbc22f9bf9,21,-635.1544189453125,False
pendulum,calf_wrapper_balanced_early,dd6990345cff401c9cac8adbc22f9bf9,22,-1007.879150390625,False
pendulum,calf_wrapper_balanced_early,dd6990345cff401c9cac8adbc22f9bf9,23,-1033.58740234375,False
pendulum,calf_wrapper_balanced_early,dd6990345cff401c9cac8adbc22f9bf9,24,-1014.4368286132812,False
pendulum,calf_wrapper_balanced_early,dd6990345cff401c9cac8adbc22f9bf9,25,-645.1535034179688,False
pendulum,calf_wrapper_balanced_early,dd6990345cff401c9cac8adbc22f9bf9,26,-630.5617065429688,False
pendulum,calf_wrapper_balanced_early,dd6990345cff401c9cac8adbc22f9bf9,27,-735.9190673828125,False
pendulum,calf_wrapper_balanced_early,dd6990345cff401c9cac8adbc22f9bf9,28,-633.6671752929688,False
pendulum,calf_wrapper_balanced_early,dd6990345cff401c9cac8adbc22f9bf9,29,-495.31103515625,False
pendulum,calf_wrapper_conservative_early,36b7b1578cc94969800affe86c6d0a7f,0,-366.33721923828125,True
pendulum,calf_wrapper_conservative_early,36b7b1578cc94969800affe86c6d0a7f,1,-376.3596496582031,True
pendulum,calf_wrapper_conservative_early,36b7b1578cc94969800affe86c6d0a7f,2,-486.2742614746094,True
pendulum,calf_wrapper_conservative_early,36b7b1578cc94969800affe86c6d0a7f,3,-376.6799011230469,True
pendulum,calf_wrapper_conservative_early,36b7b1578cc94969800affe86c6d0a7f,4,-637.250732421875,True
pendulum,calf_wrapper_conservative_early,36b7b1578cc94969800affe86c6d0a7f,5,-364.85272216796875,True
pendulum,calf_wrapper_conservative_early,36b7b1578cc94969800affe86c6d0a7f,6,-249.91749572753906,True
pendulum,calf_wrapper_conservative_early,36b7b1578cc94969800affe86c6d0a7f,7,-375.3451232910156,True
pendulum,calf_wrapper_conservative_early,36b7b1578cc94969800affe86c6d0a7f,8,-237.4374237060547,True
pendulum,calf_wrapper_conservative_early,36b7b1578cc94969800affe86c6d0a7f,9,-768.6293334960938,True
pendulum,calf_wrapper_conservative_early,36b7b1578cc94969800affe86c6d0a7f,10,-501.3846740722656,True
pendulum,calf_wrapper_conservative_early,36b7b1578cc94969800affe86c6d0a7f,11,-715.1708984375,True
pendulum,calf_wrapper_conservative_early,36b7b1578cc94969800affe86c6d0a7f,12,-370.56646728515625,True
pendulum,calf_wrapper_conservative_early,36b7b1578cc94969800affe86c6d0a7f,13,-486.7120361328125,True
pendulum,calf_wrapper_conservative_early,36b7b1578cc94969800affe86c6d0a7f,14,-370.9980163574219,True
pendulum,calf_wrapper_conservative_early,36b7b1578cc94969800affe86c6d0a7f,15,-496.59271240234375,True
pendulum,calf_wrapper_conservative_early,36b7b1578cc94969800affe86c6d0a7f,16,-249.87022399902344,True
pendulum,calf_wrapper_conservative_early,36b7b1578cc94969800affe86c6d0a7f,17,-502.48065185546875,True
pendulum,calf_wrapper_conservative_early,36b7b1578cc94969800affe86c6d0a7f,18,-246.64393615722656,True
pendulum,calf_wrapper_conservative_early,36b7b1578cc94969800affe86c6d0a7f,19,-375.80621337890625,True
pendulum,calf_wrapper_conservative_early,36b7b1578cc94969800affe86c6d0a7f,20,-501.50482177734375,True
pendulum,calf_wrapper_conservative_early,36b7b1578cc94969800affe86c6d0a7f,21,-503.10174560546875,True
pendulum,calf_wrapper_conservative_early,36b7b1578cc94969800affe86c6d0a7f,22,-746.98828125,True
pendulum,calf_wrapper_conservative_early,36b7b1578cc94969800affe86c6d0a7f,23,-618.9636840820312,True
pendulum,calf_wrapper_conservative_early,36b7b1578cc94969800affe86c6d0a7f,24,-739.3107299804688,True
pendulum,calf_wrapper_conservative_early,36b7b1578cc94969800affe86c6d0a7f,25,-376.1690979003906,True
pendulum,calf_wrapper_conservative_early,36b7b1578cc94969800affe86c6d0a7f,26,-126.07414245605469,True
pendulum,calf_wrapper_conservative_early,36b7b1578cc94969800affe86c6d0a7f,27,-376.1595458984375,True
pendulum,calf_wrapper_conservative_early,36b7b1578cc94969800affe86c6d0a7f,28,-375.700439453125,True
pendulum,calf_wrapper_conservative_early,36b7b1578cc94969800affe86c6d0a7f,29,-372.0415954589844,True
pendulum,base_early,9955b03643cc492ea3359a5c19e663a4,0,-888.4055786132812,False
pendulum,base_early,9955b03643cc492ea3359a5c19e663a4,1,-778.89794921875,False
pendulum,base_early,9955b03643cc492ea3359a5c19e663a4,2,-873.7512817382812,False
pendulum,base_early,9955b03643cc492ea3359a5c19e663a4,3,-774.7142944335938,False
pendulum,base_early,9955b03643cc492ea3359a5c19e663a4,4,-1501.537841796875,False
pendulum,base_early,9955b03643cc492ea3359a5c19e663a4,5,-771.9119262695312,False
pendulum,base_early,9955b03643cc492ea3359a5c19e663a4,6,-774.8729248046875,False
pendulum,base_early,9955b03643cc492ea3359a5c19e663a4,7,-774.6678466796875,False
pendulum,base_early,9955b03643cc492ea3359a5c19e663a4,8,-894.4466552734375,False
pendulum,base_early,9955b03643cc492ea3359a5c19e663a4,9,-1491.5731201171875,False
pendulum,base_early,9955b03643cc492ea3359a5c19e663a4,10,-778.0653076171875,False
pendulum,base_early,9955b03643cc492ea3359a5c19e663a4,11,-1065.6942138671875,False
pendulum,base_early,9955b03643cc492ea3359a5c19e663a4,12,-770.0370483398438,False
pendulum,base_early,9955b03643cc492ea3359a5c19e663a4,13,-902.1318969726562,False
pendulum,base_early,9955b03643cc492ea3359a5c19e663a4,14,-780.1973876953125,False
pendulum,base_early,9955b03643cc492ea3359a5c19e663a4,15,-781.4194946289062,False
pendulum,base_early,9955b03643cc492ea3359a5c19e663a4,16,-775.8484497070312,False
pendulum,base_early,9955b03643cc492ea3359a5c19e663a4,17,-779.7888793945312,False
pendulum,base_early,9955b03643cc492ea3359a5c19e663a4,18,-772.807861328125,False
pendulum,base_early,9955b03643cc492ea3359a5c19e663a4,19,-774.9869384765625,False
pendulum,base_early,9955b03643cc492ea3359a5c19e663a4,20,-780.4137573242188,False
pendulum,base_early,9955b03643cc492ea3359a5c19e663a4,21,-778.8956909179688,False
pendulum,base_early,9955b03643cc492ea3359a5c19e663a4,22,-1491.0096435546875,False
pendulum,base_early,9955b03643cc492ea3359a5c19e663a4,23,-955.5777587890625,False
pendulum,base_early,9955b03643cc492ea3359a5c19e663a4,24,-1495.317626953125,False
pendulum,base_early,9955b03643cc492ea3359a5c19e663a4,25,-774.5684204101562,False
pendulum,base_early,9955b03643cc492ea3359a5c19e663a4,26,-773.674560546875,False
pendulum,base_early,9955b03643cc492ea3359a5c19e663a4,27,-775.6990966796875,False
pendulum,base_early,9955b03643cc492ea3359a5c19e663a4,28,-774.9093627929688,False
pendulum,base_early,9955b03643cc492ea3359a5c19e663a4,29,-771.7501220703125,False
pendulum,fallback,7db36a15c6ff4cccb0660dbe51548ee7,0,-360.2248840332031,True
pendulum,fallback,7db36a15c6ff4cccb0660dbe51548ee7,1,-123.6756362915039,True
pendulum,fallback,7db36a15c6ff4cccb0660dbe51548ee7,2,-595.4974365234375,True
pendulum,fallback,7db36a15c6ff4cccb0660dbe51548ee7,3,-124.59795379638672,True
pendulum,fallback,7db36a15c6ff4cccb0660dbe51548ee7,4,-744.8947143554688,True
pendulum,fallback,7db36a15c6ff4cccb0660dbe51548ee7,5,-238.21307373046875,True
pendulum,fallback,7db36a15c6ff4cccb0660dbe51548ee7,6,-123.56058502197266,True
pendulum,fallback,7db36a15c6ff4cccb0660dbe51548ee7,7,-122.59374237060547,True
pendulum,fallback,7db36a15c6ff4cccb0660dbe51548ee7,8,-354.9159240722656,True
pendulum,fallback,7db36a15c6ff4cccb0660dbe51548ee7,9,-883.9533081054688,True
pendulum,fallback,7db36a15c6ff4cccb0660dbe51548ee7,10,-122.89118194580078,True
pendulum,fallback,7db36a15c6ff4cccb0660dbe51548ee7,11,-967.53515625,True
pendulum,fallback,7db36a15c6ff4cccb0660dbe51548ee7,12,-358.9678039550781,True
pendulum,fallback,7db36a15c6ff4cccb0660dbe51548ee7,13,-472.89898681640625,True
pendulum,fallback,7db36a15c6ff4cccb0660dbe51548ee7,14,-243.45716857910156,True
pendulum,fallback,7db36a15c6ff4cccb0660dbe51548ee7,15,-121.70696258544922,True
pendulum,fallback,7db36a15c6ff4cccb0660dbe51548ee7,16,-248.17832946777344,True
pendulum,fallback,7db36a15c6ff4cccb0660dbe51548ee7,17,-123.52965545654297,True
pendulum,fallback,7db36a15c6ff4cccb0660dbe51548ee7,18,-119.93941497802734,True
pendulum,fallback,7db36a15c6ff4cccb0660dbe51548ee7,19,-123.39923095703125,True
pendulum,fallback,7db36a15c6ff4cccb0660dbe51548ee7,20,-122.99063873291016,True
pendulum,fallback,7db36a15c6ff4cccb0660dbe51548ee7,21,-125.21580505371094,True
pendulum,fallback,7db36a15c6ff4cccb0660dbe51548ee7,22,-864.154296875,True
pendulum,fallback,7db36a15c6ff4cccb0660dbe51548ee7,23,-873.7511596679688,True
pendulum,fallback,7db36a15c6ff4cccb0660dbe51548ee7,24,-725.0806884765625,True
pendulum,fallback,7db36a15c6ff4cccb0660dbe51548ee7,25,-123.80255126953125,True
pendulum,fallback,7db36a15c6ff4cccb0660dbe51548ee7,26,-0.12880831956863403,True
pendulum,fallback,7db36a15c6ff4cccb0660dbe51548ee7,27,-124.06489562988281,True
pendulum,fallback,7db36a15c6ff4cccb0660dbe51548ee7,28,-123.43836975097656,True
pendulum,fallback,7db36a15c6ff4cccb0660dbe51548ee7,29,-239.8137969970703,True
cartpole,calf_wrapper_brave_late,efe7bf280010483c961c600eab77c3a9,0,-465.06512451171875,True
cartpole,calf_wrapper_brave_late,efe7bf280010483c961c600eab77c3a9,1,-20.388103485107422,True
cartpole,calf_wrapper_brave_late,efe7bf280010483c961c600eab77c3a9,2,-349.65478515625,True
cartpole,calf_wrapper_brave_late,efe7bf280010483c961c600eab77c3a9,3,-674.8746337890625,True
cartpole,calf_wrapper_brave_late,efe7bf280010483c961c600eab77c3a9,4,-1247.774658203125,False
cartpole,calf_wrapper_brave_late,efe7bf280010483c961c600eab77c3a9,5,-887.5045166015625,True
cartpole,calf_wrapper_brave_late,efe7bf280010483c961c600eab77c3a9,6,-669.9705810546875,True
cartpole,calf_wrapper_brave_late,efe7bf280010483c961c600eab77c3a9,7,-1633.52978515625,True
cartpole,calf_wrapper_brave_late,efe7bf280010483c961c600eab77c3a9,8,-912.460205078125,True
cartpole,calf_wrapper_brave_late,efe7bf280010483c961c600eab77c3a9,9,-1015.5419921875,False
cartpole,calf_wrapper_brave_late,efe7bf280010483c961c600eab77c3a9,10,-1389.814697265625,False
cartpole,calf_wrapper_brave_late,efe7bf280010483c961c600eab77c3a9,11,-914.9356689453125,True
cartpole,calf_wrapper_brave_late,efe7bf280010483c961c600eab77c3a9,12,-1525.99365234375,False
cartpole,calf_wrapper_brave_late,efe7bf280010483c961c600eab77c3a9,13,-613.9725952148438,True
cartpole,calf_wrapper_brave_late,efe7bf280010483c961c600eab77c3a9,14,-17.173391342163086,True
cartpole,calf_wrapper_brave_late,efe7bf280010483c961c600eab77c3a9,15,-179.86131286621094,False
cartpole,calf_wrapper_brave_late,efe7bf280010483c961c600eab77c3a9,16,-1897.4305419921875,True
cartpole,calf_wrapper_brave_late,efe7bf280010483c961c600eab77c3a9,17,-182.9527587890625,True
cartpole,calf_wrapper_brave_late,efe7bf280010483c961c600eab77c3a9,18,-359.3274841308594,True
cartpole,calf_wrapper_brave_late,efe7bf280010483c961c600eab77c3a9,19,-335.22564697265625,True
cartpole,calf_wrapper_brave_late,efe7bf280010483c961c600eab77c3a9,20,-175.29461669921875,True
cartpole,calf_wrapper_brave_late,efe7bf280010483c961c600eab77c3a9,21,-1367.29052734375,False
cartpole,calf_wrapper_brave_late,efe7bf280010483c961c600eab77c3a9,22,-266.54736328125,True
cartpole,calf_wrapper_brave_late,efe7bf280010483c961c600eab77c3a9,23,-355.7401428222656,True
cartpole,calf_wrapper_brave_late,efe7bf280010483c961c600eab77c3a9,24,-223.27011108398438,True
cartpole,calf_wrapper_brave_late,efe7bf280010483c961c600eab77c3a9,25,-718.4874877929688,True
cartpole,calf_wrapper_brave_late,efe7bf280010483c961c600eab77c3a9,26,-748.415771484375,True
cartpole,calf_wrapper_brave_late,efe7bf280010483c961c600eab77c3a9,27,-716.6060180664062,False
cartpole,calf_wrapper_brave_late,efe7bf280010483c961c600eab77c3a9,28,-321.03509521484375,True
cartpole,calf_wrapper_brave_late,efe7bf280010483c961c600eab77c3a9,29,-332.1361083984375,True
cartpole,calf_wrapper_balanced_late,3d8e0d5b082749eead0cbc7d8de3ee8e,0,-2859.79248046875,True
cartpole,calf_wrapper_balanced_late,3d8e0d5b082749eead0cbc7d8de3ee8e,1,-8.112818717956543,True
cartpole,calf_wrapper_balanced_late,3d8e0d5b082749eead0cbc7d8de3ee8e,2,-697.640869140625,True
cartpole,calf_wrapper_balanced_late,3d8e0d5b082749eead0cbc7d8de3ee8e,3,-555.7935180664062,True
cartpole,calf_wrapper_balanced_late,3d8e0d5b082749eead0cbc7d8de3ee8e,4,-1401.498046875,True
cartpole,calf_wrapper_balanced_late,3d8e0d5b082749eead0cbc7d8de3ee8e,5,-448.81280517578125,True
cartpole,calf_wrapper_balanced_late,3d8e0d5b082749eead0cbc7d8de3ee8e,6,-1415.882568359375,True
cartpole,calf_wrapper_balanced_late,3d8e0d5b082749eead0cbc7d8de3ee8e,7,-2862.3037109375,True
cartpole,calf_wrapper_balanced_late,3d8e0d5b082749eead0cbc7d8de3ee8e,8,-306.8888854980469,True
cartpole,calf_wrapper_balanced_late,3d8e0d5b082749eead0cbc7d8de3ee8e,9,-525.88525390625,True
cartpole,calf_wrapper_balanced_late,3d8e0d5b082749eead0cbc7d8de3ee8e,10,-842.9900512695312,True
cartpole,calf_wrapper_balanced_late,3d8e0d5b082749eead0cbc7d8de3ee8e,11,-325.6990966796875,True
cartpole,calf_wrapper_balanced_late,3d8e0d5b082749eead0cbc7d8de3ee8e,12,-2009.5771484375,True
cartpole,calf_wrapper_balanced_late,3d8e0d5b082749eead0cbc7d8de3ee8e,13,-644.2130126953125,True
cartpole,calf_wrapper_balanced_late,3d8e0d5b082749eead0cbc7d8de3ee8e,14,-6.259786605834961,True
cartpole,calf_wrapper_balanced_late,3d8e0d5b082749eead0cbc7d8de3ee8e,15,-1440.274658203125,True
cartpole,calf_wrapper_balanced_late,3d8e0d5b082749eead0cbc7d8de3ee8e,16,-2707.072265625,True
cartpole,calf_wrapper_balanced_late,3d8e0d5b082749eead0cbc7d8de3ee8e,17,-517.0833129882812,True
cartpole,calf_wrapper_balanced_late,3d8e0d5b082749eead0cbc7d8de3ee8e,18,-95.38078308105469,True
cartpole,calf_wrapper_balanced_late,3d8e0d5b082749eead0cbc7d8de3ee8e,19,-474.784423828125,True
cartpole,calf_wrapper_balanced_late,3d8e0d5b082749eead0cbc7d8de3ee8e,20,-161.06117248535156,True
cartpole,calf_wrapper_balanced_late,3d8e0d5b082749eead0cbc7d8de3ee8e,21,-3271.589599609375,True
cartpole,calf_wrapper_balanced_late,3d8e0d5b082749eead0cbc7d8de3ee8e,22,-104.26486206054688,True
cartpole,calf_wrapper_balanced_late,3d8e0d5b082749eead0cbc7d8de3ee8e,23,-390.0157775878906,True
cartpole,calf_wrapper_balanced_late,3d8e0d5b082749eead0cbc7d8de3ee8e,24,-1027.423583984375,True
cartpole,calf_wrapper_balanced_late,3d8e0d5b082749eead0cbc7d8de3ee8e,25,-1382.130126953125,True
cartpole,calf_wrapper_balanced_late,3d8e0d5b082749eead0cbc7d8de3ee8e,26,-253.06460571289062,True
cartpole,calf_wrapper_balanced_late,3d8e0d5b082749eead0cbc7d8de3ee8e,27,-1498.6390380859375,True
cartpole,calf_wrapper_balanced_late,3d8e0d5b082749eead0cbc7d8de3ee8e,28,-1316.5478515625,True
cartpole,calf_wrapper_balanced_late,3d8e0d5b082749eead0cbc7d8de3ee8e,29,-1414.798095703125,True
cartpole,calf_wrapper_conservative_late,b73f36ee69ab46309feb43d8304e488a,0,-801.9520263671875,True
cartpole,calf_wrapper_conservative_late,b73f36ee69ab46309feb43d8304e488a,1,-6.982282638549805,True
cartpole,calf_wrapper_conservative_late,b73f36ee69ab46309feb43d8304e488a,2,-1678.3507080078125,True
cartpole,calf_wrapper_conservative_late,b73f36ee69ab46309feb43d8304e488a,3,-743.6973876953125,True
cartpole,calf_wrapper_conservative_late,b73f36ee69ab46309feb43d8304e488a,4,-1109.0,True
cartpole,calf_wrapper_conservative_late,b73f36ee69ab46309feb43d8304e488a,5,-1641.5111083984375,True
cartpole,calf_wrapper_conservative_late,b73f36ee69ab46309feb43d8304e488a,6,-2882.432861328125,True
cartpole,calf_wrapper_conservative_late,b73f36ee69ab46309feb43d8304e488a,7,-1569.157470703125,True
cartpole,calf_wrapper_conservative_late,b73f36ee69ab46309feb43d8304e488a,8,-507.443115234375,True
cartpole,calf_wrapper_conservative_late,b73f36ee69ab46309feb43d8304e488a,9,-890.3096923828125,True
cartpole,calf_wrapper_conservative_late,b73f36ee69ab46309feb43d8304e488a,10,-1718.792236328125,True
cartpole,calf_wrapper_conservative_late,b73f36ee69ab46309feb43d8304e488a,11,-675.7114868164062,True
cartpole,calf_wrapper_conservative_late,b73f36ee69ab46309feb43d8304e488a,12,-3107.27587890625,True
cartpole,calf_wrapper_conservative_late,b73f36ee69ab46309feb43d8304e488a,13,-1552.5751953125,True
cartpole,calf_wrapper_conservative_late,b73f36ee69ab46309feb43d8304e488a,14,-4.8348822593688965,True
cartpole,calf_wrapper_conservative_late,b73f36ee69ab46309feb43d8304e488a,15,-222.157958984375,True
cartpole,calf_wrapper_conservative_late,b73f36ee69ab46309feb43d8304e488a,16,-348.85455322265625,True
cartpole,calf_wrapper_conservative_late,b73f36ee69ab46309feb43d8304e488a,17,-442.29400634765625,True
cartpole,calf_wrapper_conservative_late,b73f36ee69ab46309feb43d8304e488a,18,-60.03073501586914,True
cartpole,calf_wrapper_conservative_late,b73f36ee69ab46309feb43d8304e488a,19,-772.7896118164062,True
cartpole,calf_wrapper_conservative_late,b73f36ee69ab46309feb43d8304e488a,20,-180.68505859375,True
cartpole,calf_wrapper_conservative_late,b73f36ee69ab46309feb43d8304e488a,21,-1181.2081298828125,True
cartpole,calf_wrapper_conservative_late,b73f36ee69ab46309feb43d8304e488a,22,-90.69109344482422,True
cartpole,calf_wrapper_conservative_late,b73f36ee69ab46309feb43d8304e488a,23,-1080.898681640625,True
cartpole,calf_wrapper_conservative_late,b73f36ee69ab46309feb43d8304e488a,24,-970.3632202148438,True
cartpole,calf_wrapper_conservative_late,b73f36ee69ab46309feb43d8304e488a,25,-1523.4732666015625,True
cartpole,calf_wrapper_conservative_late,b73f36ee69ab46309feb43d8304e488a,26,-260.8177490234375,True
cartpole,calf_wrapper_conservative_late,b73f36ee69ab46309feb43d8304e488a,27,-1525.3692626953125,True
cartpole,calf_wrapper_conservative_late,b73f36ee69ab46309feb43d8304e488a,28,-355.0307922363281,True
cartpole,calf_wrapper_conservative_late,b73f36ee69ab46309feb43d8304e488a,29,-844.5107421875,True
cartpole,base_late,1628119e353b46298ac5abeca2e82001,0,-456.7258605957031,True
cartpole,base_late,1628119e353b46298ac5abeca2e82001,1,-27.95032501220703,True
cartpole,base_late,1628119e353b46298ac5abeca2e82001,2,-328.1894226074219,True
cartpole,base_late,1628119e353b46298ac5abeca2e82001,3,-386.5451965332031,True
cartpole,base_late,1628119e353b46298ac5abeca2e82001,4,-1186.1541748046875,True
cartpole,base_late,1628119e353b46298ac5abeca2e82001,5,-1641.7742919921875,True
cartpole,base_late,1628119e353b46298ac5abeca2e82001,6,-664.0464477539062,True
cartpole,base_late,1628119e353b46298ac5abeca2e82001,7,-1626.1002197265625,True
cartpole,base_late,1628119e353b46298ac5abeca2e82001,8,-905.719482421875,True
cartpole,base_late,1628119e353b46298ac5abeca2e82001,9,-1597.733154296875,True
cartpole,base_late,1628119e353b46298ac5abeca2e82001,10,-1229.3582763671875,True
cartpole,base_late,1628119e353b46298ac5abeca2e82001,11,-744.7963256835938,True
cartpole,base_late,1628119e353b46298ac5abeca2e82001,12,-1972.1875,True
cartpole,base_late,1628119e353b46298ac5abeca2e82001,13,-610.5982055664062,True
cartpole,base_late,1628119e353b46298ac5abeca2e82001,14,-24.69390869140625,True
cartpole,base_late,1628119e353b46298ac5abeca2e82001,15,-186.8426055908203,True
cartpole,base_late,1628119e353b46298ac5abeca2e82001,16,-1831.0751953125,True
cartpole,base_late,1628119e353b46298ac5abeca2e82001,17,-191.15382385253906,True
cartpole,base_late,1628119e353b46298ac5abeca2e82001,18,-301.34075927734375,True
cartpole,base_late,1628119e353b46298ac5abeca2e82001,19,-344.7298889160156,True
cartpole,base_late,1628119e353b46298ac5abeca2e82001,20,-183.5753173828125,True
cartpole,base_late,1628119e353b46298ac5abeca2e82001,21,-615.6782836914062,True
cartpole,base_late,1628119e353b46298ac5abeca2e82001,22,-249.8445281982422,True
cartpole,base_late,1628119e353b46298ac5abeca2e82001,23,-351.95794677734375,True
cartpole,base_late,1628119e353b46298ac5abeca2e82001,24,-234.58358764648438,True
cartpole,base_late,1628119e353b46298ac5abeca2e82001,25,-884.2877807617188,True
cartpole,base_late,1628119e353b46298ac5abeca2e82001,26,-784.9723510742188,True
cartpole,base_late,1628119e353b46298ac5abeca2e82001,27,-702.8516845703125,True
cartpole,base_late,1628119e353b46298ac5abeca2e82001,28,-325.9588928222656,True
cartpole,base_late,1628119e353b46298ac5abeca2e82001,29,-337.4324951171875,True
cartpole,calf_wrapper_brave_mid,73f69056144d4419bb0e6ead0b37e8bf,0,-2603.528564453125,False
cartpole,calf_wrapper_brave_mid,73f69056144d4419bb0e6ead0b37e8bf,1,-3227.845458984375,False
cartpole,calf_wrapper_brave_mid,73f69056144d4419bb0e6ead0b37e8bf,2,-2351.842041015625,False
cartpole,calf_wrapper_brave_mid,73f69056144d4419bb0e6ead0b37e8bf,3,-2768.936767578125,False
cartpole,calf_wrapper_brave_mid,73f69056144d4419bb0e6ead0b37e8bf,4,-2432.517333984375,False
cartpole,calf_wrapper_brave_mid,73f69056144d4419bb0e6ead0b37e8bf,5,-2798.5009765625,False
cartpole,calf_wrapper_brave_mid,73f69056144d4419bb0e6ead0b37e8bf,6,-2377.488037109375,False
cartpole,calf_wrapper_brave_mid,73f69056144d4419bb0e6ead0b37e8bf,7,-2846.0751953125,False
cartpole,calf_wrapper_brave_mid,73f69056144d4419bb0e6ead0b37e8bf,8,-2507.4580078125,False
cartpole,calf_wrapper_brave_mid,73f69056144d4419bb0e6ead0b37e8bf,9,-2095.119140625,False
cartpole,calf_wrapper_brave_mid,73f69056144d4419bb0e6ead0b37e8bf,10,-3221.647216796875,False
cartpole,calf_wrapper_brave_mid,73f69056144d4419bb0e6ead0b37e8bf,11,-2787.240966796875,False
cartpole,calf_wrapper_brave_mid,73f69056144d4419bb0e6ead0b37e8bf,12,-3111.130859375,False
cartpole,calf_wrapper_brave_mid,73f69056144d4419bb0e6ead0b37e8bf,13,-2015.566162109375,False
cartpole,calf_wrapper_brave_mid,73f69056144d4419bb0e6ead0b37e8bf,14,-2963.654052734375,False
cartpole,calf_wrapper_brave_mid,73f69056144d4419bb0e6ead0b37e8bf,15,-2043.8447265625,False
cartpole,calf_wrapper_brave_mid,73f69056144d4419bb0e6ead0b37e8bf,16,-2580.92578125,False
cartpole,calf_wrapper_brave_mid,73f69056144d4419bb0e6ead0b37e8bf,17,-2387.6396484375,False
cartpole,calf_wrapper_brave_mid,73f69056144d4419bb0e6ead0b37e8bf,18,-2262.47412109375,False
cartpole,calf_wrapper_brave_mid,73f69056144d4419bb0e6ead0b37e8bf,19,-2701.385009765625,False
cartpole,calf_wrapper_brave_mid,73f69056144d4419bb0e6ead0b37e8bf,20,-2488.52783203125,False
cartpole,calf_wrapper_brave_mid,73f69056144d4419bb0e6ead0b37e8bf,21,-2501.504150390625,False
cartpole,calf_wrapper_brave_mid,73f69056144d4419bb0e6ead0b37e8bf,22,-2577.645751953125,False
cartpole,calf_wrapper_brave_mid,73f69056144d4419bb0e6ead0b37e8bf,23,-2432.011962890625,False
cartpole,calf_wrapper_brave_mid,73f69056144d4419bb0e6ead0b37e8bf,24,-2282.480712890625,False
cartpole,calf_wrapper_brave_mid,73f69056144d4419bb0e6ead0b37e8bf,25,-2347.478515625,False
cartpole,calf_wrapper_brave_mid,73f69056144d4419bb0e6ead0b37e8bf,26,-2719.4736328125,False
cartpole,calf_wrapper_brave_mid,73f69056144d4419bb0e6ead0b37e8bf,27,-2345.63232421875,False
cartpole,calf_wrapper_brave_mid,73f69056144d4419bb0e6ead0b37e8bf,28,-2578.405517578125,False
cartpole,calf_wrapper_brave_mid,73f69056144d4419bb0e6ead0b37e8bf,29,-3267.505859375,False
cartpole,calf_wrapper_balanced_mid,f6d81bdab2cd483398f4d73e4a246e13,0,-2721.220703125,True
cartpole,calf_wrapper_balanced_mid,f6d81bdab2cd483398f4d73e4a246e13,1,-24.237150192260742,True
cartpole,calf_wrapper_balanced_mid,f6d81bdab2cd483398f4d73e4a246e13,2,-1179.6748046875,True
cartpole,calf_wrapper_balanced_mid,f6d81bdab2cd483398f4d73e4a246e13,3,-2319.132568359375,True
cartpole,calf_wrapper_balanced_mid,f6d81bdab2cd483398f4d73e4a246e13,4,-1686.594970703125,True
cartpole,calf_wrapper_balanced_mid,f6d81bdab2cd483398f4d73e4a246e13,5,-1229.6588134765625,True
cartpole,calf_wrapper_balanced_mid,f6d81bdab2cd483398f4d73e4a246e13,6,-993.8369140625,True
cartpole,calf_wrapper_balanced_mid,f6d81bdab2cd483398f4d73e4a246e13,7,-1622.3787841796875,True
cartpole,calf_wrapper_balanced_mid,f6d81bdab2cd483398f4d73e4a246e13,8,-1586.673828125,True
cartpole,calf_wrapper_balanced_mid,f6d81bdab2cd483398f4d73e4a246e13,9,-4122.48828125,False
cartpole,calf_wrapper_balanced_mid,f6d81bdab2cd483398f4d73e4a246e13,10,-3697.86474609375,False
cartpole,calf_wrapper_balanced_mid,f6d81bdab2cd483398f4d73e4a246e13,11,-3614.91259765625,False
cartpole,calf_wrapper_balanced_mid,f6d81bdab2cd483398f4d73e4a246e13,12,-4892.97314453125,False
cartpole,calf_wrapper_balanced_mid,f6d81bdab2cd483398f4d73e4a246e13,13,-3119.833251953125,False
cartpole,calf_wrapper_balanced_mid,f6d81bdab2cd483398f4d73e4a246e13,14,-24.960025787353516,True
cartpole,calf_wrapper_balanced_mid,f6d81bdab2cd483398f4d73e4a246e13,15,-2763.552490234375,True
cartpole,calf_wrapper_balanced_mid,f6d81bdab2cd483398f4d73e4a246e13,16,-2862.638427734375,False
cartpole,calf_wrapper_balanced_mid,f6d81bdab2cd483398f4d73e4a246e13,17,-898.0016479492188,True
cartpole,calf_wrapper_balanced_mid,f6d81bdab2cd483398f4d73e4a246e13,18,-604.2305908203125,True
cartpole,calf_wrapper_balanced_mid,f6d81bdab2cd483398f4d73e4a246e13,19,-1136.414306640625,True
cartpole,calf_wrapper_balanced_mid,f6d81bdab2cd483398f4d73e4a246e13,20,-995.0578002929688,True
cartpole,calf_wrapper_balanced_mid,f6d81bdab2cd483398f4d73e4a246e13,21,-4263.19580078125,False
cartpole,calf_wrapper_balanced_mid,f6d81bdab2cd483398f4d73e4a246e13,22,-263.9779968261719,True
cartpole,calf_wrapper_balanced_mid,f6d81bdab2cd483398f4d73e4a246e13,23,-4245.67138671875,False
cartpole,calf_wrapper_balanced_mid,f6d81bdab2cd483398f4d73e4a246e13,24,-2513.62255859375,True
cartpole,calf_wrapper_balanced_mid,f6d81bdab2cd483398f4d73e4a246e13,25,-1672.0526123046875,True
cartpole,calf_wrapper_balanced_mid,f6d81bdab2cd483398f4d73e4a246e13,26,-727.0104370117188,True
cartpole,calf_wrapper_balanced_mid,f6d81bdab2cd483398f4d73e4a246e13,27,-2003.7821044921875,False
cartpole,calf_wrapper_balanced_mid,f6d81bdab2cd483398f4d73e4a246e13,28,-1168.223876953125,True
cartpole,calf_wrapper_balanced_mid,f6d81bdab2cd483398f4d73e4a246e13,29,-3530.13916015625,False
cartpole,calf_wrapper_conservative_mid,295b6b2b8ec44006a6c17c800d5e5c40,0,-661.6883544921875,True
cartpole,calf_wrapper_conservative_mid,295b6b2b8ec44006a6c17c800d5e5c40,1,-8.123682975769043,True
cartpole,calf_wrapper_conservative_mid,295b6b2b8ec44006a6c17c800d5e5c40,2,-691.1159057617188,True
cartpole,calf_wrapper_conservative_mid,295b6b2b8ec44006a6c17c800d5e5c40,3,-917.0486450195312,True
cartpole,calf_wrapper_conservative_mid,295b6b2b8ec44006a6c17c800d5e5c40,4,-2080.220947265625,True
cartpole,calf_wrapper_conservative_mid,295b6b2b8ec44006a6c17c800d5e5c40,5,-423.8144226074219,True
cartpole,calf_wrapper_conservative_mid,295b6b2b8ec44006a6c17c800d5e5c40,6,-2852.375,True
cartpole,calf_wrapper_conservative_mid,295b6b2b8ec44006a6c17c800d5e5c40,7,-1188.36962890625,True
cartpole,calf_wrapper_conservative_mid,295b6b2b8ec44006a6c17c800d5e5c40,8,-456.35198974609375,True
cartpole,calf_wrapper_conservative_mid,295b6b2b8ec44006a6c17c800d5e5c40,9,-759.1947631835938,True
cartpole,calf_wrapper_conservative_mid,295b6b2b8ec44006a6c17c800d5e5c40,10,-1772.0120849609375,True
cartpole,calf_wrapper_conservative_mid,295b6b2b8ec44006a6c17c800d5e5c40,11,-1804.9659423828125,True
cartpole,calf_wrapper_conservative_mid,295b6b2b8ec44006a6c17c800d5e5c40,12,-3099.76416015625,True
cartpole,calf_wrapper_conservative_mid,295b6b2b8ec44006a6c17c800d5e5c40,13,-1952.60009765625,True
cartpole,calf_wrapper_conservative_mid,295b6b2b8ec44006a6c17c800d5e5c40,14,-5.710535049438477,True
cartpole,calf_wrapper_conservative_mid,295b6b2b8ec44006a6c17c800d5e5c40,15,-206.46327209472656,True
cartpole,calf_wrapper_conservative_mid,295b6b2b8ec44006a6c17c800d5e5c40,16,-766.93798828125,True
cartpole,calf_wrapper_conservative_mid,295b6b2b8ec44006a6c17c800d5e5c40,17,-452.51953125,True
cartpole,calf_wrapper_conservative_mid,295b6b2b8ec44006a6c17c800d5e5c40,18,-188.40460205078125,True
cartpole,calf_wrapper_conservative_mid,295b6b2b8ec44006a6c17c800d5e5c40,19,-584.551513671875,True
cartpole,calf_wrapper_conservative_mid,295b6b2b8ec44006a6c17c800d5e5c40,20,-396.54266357421875,True
cartpole,calf_wrapper_conservative_mid,295b6b2b8ec44006a6c17c800d5e5c40,21,-2886.374267578125,True
cartpole,calf_wrapper_conservative_mid,295b6b2b8ec44006a6c17c800d5e5c40,22,-139.58798217773438,True
cartpole,calf_wrapper_conservative_mid,295b6b2b8ec44006a6c17c800d5e5c40,23,-662.3796997070312,True
cartpole,calf_wrapper_conservative_mid,295b6b2b8ec44006a6c17c800d5e5c40,24,-960.1578369140625,True
cartpole,calf_wrapper_conservative_mid,295b6b2b8ec44006a6c17c800d5e5c40,25,-1519.4921875,True
cartpole,calf_wrapper_conservative_mid,295b6b2b8ec44006a6c17c800d5e5c40,26,-1346.449951171875,True
cartpole,calf_wrapper_conservative_mid,295b6b2b8ec44006a6c17c800d5e5c40,27,-1543.1109619140625,True
cartpole,calf_wrapper_conservative_mid,295b6b2b8ec44006a6c17c800d5e5c40,28,-1208.808349609375,True
cartpole,calf_wrapper_conservative_mid,295b6b2b8ec44006a6c17c800d5e5c40,29,-1219.8353271484375,True
cartpole,base_mid,7b2dde7bc09c4f4896a7c032cb15a657,0,-1739.0438232421875,False
cartpole,base_mid,7b2dde7bc09c4f4896a7c032cb15a657,1,-1729.412109375,False
cartpole,base_mid,7b2dde7bc09c4f4896a7c032cb15a657,2,-2255.361083984375,False
cartpole,base_mid,7b2dde7bc09c4f4896a7c032cb15a657,3,-1868.839111328125,False
cartpole,base_mid,7b2dde7bc09c4f4896a7c032cb15a657,4,-1990.2681884765625,False
cartpole,base_mid,7b2dde7bc09c4f4896a7c032cb15a657,5,-2030.25537109375,False
cartpole,base_mid,7b2dde7bc09c4f4896a7c032cb15a657,6,-2095.349853515625,False
cartpole,base_mid,7b2dde7bc09c4f4896a7c032cb15a657,7,-2375.4736328125,False
cartpole,base_mid,7b2dde7bc09c4f4896a7c032cb15a657,8,-1865.326904296875,False
cartpole,base_mid,7b2dde7bc09c4f4896a7c032cb15a657,9,-1930.6103515625,False
cartpole,base_mid,7b2dde7bc09c4f4896a7c032cb15a657,10,-2096.3427734375,False
cartpole,base_mid,7b2dde7bc09c4f4896a7c032cb15a657,11,-1914.3055419921875,False
cartpole,base_mid,7b2dde7bc09c4f4896a7c032cb15a657,12,-1731.7578125,False
cartpole,base_mid,7b2dde7bc09c4f4896a7c032cb15a657,13,-1889.2386474609375,False
cartpole,base_mid,7b2dde7bc09c4f4896a7c032cb15a657,14,-1935.5357666015625,False
cartpole,base_mid,7b2dde7bc09c4f4896a7c032cb15a657,15,-1775.0780029296875,False
cartpole,base_mid,7b2dde7bc09c4f4896a7c032cb15a657,16,-1893.57861328125,False
cartpole,base_mid,7b2dde7bc09c4f4896a7c032cb15a657,17,-1736.9588623046875,False
cartpole,base_mid,7b2dde7bc09c4f4896a7c032cb15a657,18,-1731.3260498046875,False
cartpole,base_mid,7b2dde7bc09c4f4896a7c032cb15a657,19,-1931.5400390625,False
cartpole,base_mid,7b2dde7bc09c4f4896a7c032cb15a657,20,-1869.3280029296875,False
cartpole,base_mid,7b2dde7bc09c4f4896a7c032cb15a657,21,-1870.39453125,False
cartpole,base_mid,7b2dde7bc09c4f4896a7c032cb15a657,22,-1748.02294921875,False
cartpole,base_mid,7b2dde7bc09c4f4896a7c032cb15a657,23,-2285.655517578125,False
cartpole,base_mid,7b2dde7bc09c4f4896a7c032cb15a657,24,-1752.647216796875,False
cartpole,base_mid,7b2dde7bc09c4f4896a7c032cb15a657,25,-2337.256103515625,False
cartpole,base_mid,7b2dde7bc09c4f4896a7c032cb15a657,26,-2098.657470703125,False
cartpole,base_mid,7b2dde7bc09c4f4896a7c032cb15a657,27,-1730.906982421875,False
cartpole,base_mid,7b2dde7bc09c4f4896a7c032cb15a657,28,-2196.134521484375,False
cartpole,base_mid,7b2dde7bc09c4f4896a7c032cb15a657,29,-1896.1729736328125,False
cartpole,calf_wrapper_brave_early,5ec01da56eac4028bd7782e4f5b28c0d,0,-3214.64013671875,False
cartpole,calf_wrapper_brave_early,5ec01da56eac4028bd7782e4f5b28c0d,1,-2131.97265625,False
cartpole,calf_wrapper_brave_early,5ec01da56eac4028bd7782e4f5b28c0d,2,-3590.66845703125,False
cartpole,calf_wrapper_brave_early,5ec01da56eac4028bd7782e4f5b28c0d,3,-3281.645263671875,False
cartpole,calf_wrapper_brave_early,5ec01da56eac4028bd7782e4f5b28c0d,4,-3207.059814453125,False
cartpole,calf_wrapper_brave_early,5ec01da56eac4028bd7782e4f5b28c0d,5,-3090.129638671875,False
cartpole,calf_wrapper_brave_early,5ec01da56eac4028bd7782e4f5b28c0d,6,-2173.4072265625,False
cartpole,calf_wrapper_brave_early,5ec01da56eac4028bd7782e4f5b28c0d,7,-2994.12060546875,False
cartpole,calf_wrapper_brave_early,5ec01da56eac4028bd7782e4f5b28c0d,8,-2250.9072265625,False
cartpole,calf_wrapper_brave_early,5ec01da56eac4028bd7782e4f5b28c0d,9,-2104.097900390625,False
cartpole,calf_wrapper_brave_early,5ec01da56eac4028bd7782e4f5b28c0d,10,-2399.336181640625,False
cartpole,calf_wrapper_brave_early,5ec01da56eac4028bd7782e4f5b28c0d,11,-3353.73779296875,False
cartpole,calf_wrapper_brave_early,5ec01da56eac4028bd7782e4f5b28c0d,12,-3272.86962890625,False
cartpole,calf_wrapper_brave_early,5ec01da56eac4028bd7782e4f5b28c0d,13,-2091.028076171875,False
cartpole,calf_wrapper_brave_early,5ec01da56eac4028bd7782e4f5b28c0d,14,-2741.045166015625,False
cartpole,calf_wrapper_brave_early,5ec01da56eac4028bd7782e4f5b28c0d,15,-2249.423828125,False
cartpole,calf_wrapper_brave_early,5ec01da56eac4028bd7782e4f5b28c0d,16,-2731.51611328125,False
cartpole,calf_wrapper_brave_early,5ec01da56eac4028bd7782e4f5b28c0d,17,-2387.90625,False
cartpole,calf_wrapper_brave_early,5ec01da56eac4028bd7782e4f5b28c0d,18,-2166.11181640625,False
cartpole,calf_wrapper_brave_early,5ec01da56eac4028bd7782e4f5b28c0d,19,-2354.336181640625,False
cartpole,calf_wrapper_brave_early,5ec01da56eac4028bd7782e4f5b28c0d,20,-3219.790771484375,False
cartpole,calf_wrapper_brave_early,5ec01da56eac4028bd7782e4f5b28c0d,21,-2086.170654296875,False
cartpole,calf_wrapper_brave_early,5ec01da56eac4028bd7782e4f5b28c0d,22,-2320.0263671875,False
cartpole,calf_wrapper_brave_early,5ec01da56eac4028bd7782e4f5b28c0d,23,-3408.401123046875,False
cartpole,calf_wrapper_brave_early,5ec01da56eac4028bd7782e4f5b28c0d,24,-2266.044921875,False
cartpole,calf_wrapper_brave_early,5ec01da56eac4028bd7782e4f5b28c0d,25,-2876.582763671875,False
cartpole,calf_wrapper_brave_early,5ec01da56eac4028bd7782e4f5b28c0d,26,-3131.219970703125,False
cartpole,calf_wrapper_brave_early,5ec01da56eac4028bd7782e4f5b28c0d,27,-2835.595458984375,False
cartpole,calf_wrapper_brave_early,5ec01da56eac4028bd7782e4f5b28c0d,28,-2689.43408203125,False
cartpole,calf_wrapper_brave_early,5ec01da56eac4028bd7782e4f5b28c0d,29,-3883.9267578125,False
cartpole,calf_wrapper_balanced_early,cecf8045a53744399622536cda37ad7f,0,-2446.47119140625,True
cartpole,calf_wrapper_balanced_early,cecf8045a53744399622536cda37ad7f,1,-99.19709777832031,True
cartpole,calf_wrapper_balanced_early,cecf8045a53744399622536cda37ad7f,2,-838.9312133789062,True
cartpole,calf_wrapper_balanced_early,cecf8045a53744399622536cda37ad7f,3,-1345.15087890625,False
cartpole,calf_wrapper_balanced_early,cecf8045a53744399622536cda37ad7f,4,-3143.564453125,True
cartpole,calf_wrapper_balanced_early,cecf8045a53744399622536cda37ad7f,5,-3617.736328125,True
cartpole,calf_wrapper_balanced_early,cecf8045a53744399622536cda37ad7f,6,-1718.0120849609375,True
cartpole,calf_wrapper_balanced_early,cecf8045a53744399622536cda37ad7f,7,-2633.948486328125,False
cartpole,calf_wrapper_balanced_early,cecf8045a53744399622536cda37ad7f,8,-1446.77197265625,True
cartpole,calf_wrapper_balanced_early,cecf8045a53744399622536cda37ad7f,9,-3093.78271484375,False
cartpole,calf_wrapper_balanced_early,cecf8045a53744399622536cda37ad7f,10,-3990.097900390625,False
cartpole,calf_wrapper_balanced_early,cecf8045a53744399622536cda37ad7f,11,-2424.510498046875,False
cartpole,calf_wrapper_balanced_early,cecf8045a53744399622536cda37ad7f,12,-4628.4326171875,False
cartpole,calf_wrapper_balanced_early,cecf8045a53744399622536cda37ad7f,13,-3493.458251953125,True
cartpole,calf_wrapper_balanced_early,cecf8045a53744399622536cda37ad7f,14,-206.73997497558594,False
cartpole,calf_wrapper_balanced_early,cecf8045a53744399622536cda37ad7f,15,-2652.548095703125,False
cartpole,calf_wrapper_balanced_early,cecf8045a53744399622536cda37ad7f,16,-3869.05126953125,False
cartpole,calf_wrapper_balanced_early,cecf8045a53744399622536cda37ad7f,17,-676.2210693359375,False
cartpole,calf_wrapper_balanced_early,cecf8045a53744399622536cda37ad7f,18,-675.534423828125,True
cartpole,calf_wrapper_balanced_early,cecf8045a53744399622536cda37ad7f,19,-2976.91162109375,True
cartpole,calf_wrapper_balanced_early,cecf8045a53744399622536cda37ad7f,20,-2032.959716796875,False
cartpole,calf_wrapper_balanced_early,cecf8045a53744399622536cda37ad7f,21,-3616.430908203125,False
cartpole,calf_wrapper_balanced_early,cecf8045a53744399622536cda37ad7f,22,-569.9158935546875,True
cartpole,calf_wrapper_balanced_early,cecf8045a53744399622536cda37ad7f,23,-933.6546630859375,True
cartpole,calf_wrapper_balanced_early,cecf8045a53744399622536cda37ad7f,24,-4125.00537109375,False
cartpole,calf_wrapper_balanced_early,cecf8045a53744399622536cda37ad7f,25,-1672.0814208984375,True
cartpole,calf_wrapper_balanced_early,cecf8045a53744399622536cda37ad7f,26,-1600.708984375,False
cartpole,calf_wrapper_balanced_early,cecf8045a53744399622536cda37ad7f,27,-4547.0,False
cartpole,calf_wrapper_balanced_early,cecf8045a53744399622536cda37ad7f,28,-1518.284912109375,True
cartpole,calf_wrapper_balanced_early,cecf8045a53744399622536cda37ad7f,29,-2276.138427734375,False
cartpole,calf_wrapper_conservative_early,646f3123b5d64e6e81137e0980e6561e,0,-1032.5943603515625,True
cartpole,calf_wrapper_conservative_early,646f3123b5d64e6e81137e0980e6561e,1,-5.584636211395264,True
cartpole,calf_wrapper_conservative_early,646f3123b5d64e6e81137e0980e6561e,2,-702.330322265625,True
cartpole,calf_wrapper_conservative_early,646f3123b5d64e6e81137e0980e6561e,3,-729.6861572265625,True
cartpole,calf_wrapper_conservative_early,646f3123b5d64e6e81137e0980e6561e,4,-1233.2664794921875,True
cartpole,calf_wrapper_conservative_early,646f3123b5d64e6e81137e0980e6561e,5,-519.5125122070312,True
cartpole,calf_wrapper_conservative_early,646f3123b5d64e6e81137e0980e6561e,6,-3012.188232421875,True
cartpole,calf_wrapper_conservative_early,646f3123b5d64e6e81137e0980e6561e,7,-1251.845947265625,True
cartpole,calf_wrapper_conservative_early,646f3123b5d64e6e81137e0980e6561e,8,-477.1466979980469,True
cartpole,calf_wrapper_conservative_early,646f3123b5d64e6e81137e0980e6561e,9,-590.9534912109375,True
cartpole,calf_wrapper_conservative_early,646f3123b5d64e6e81137e0980e6561e,10,-3458.3515625,True
cartpole,calf_wrapper_conservative_early,646f3123b5d64e6e81137e0980e6561e,11,-705.1338500976562,True
cartpole,calf_wrapper_conservative_early,646f3123b5d64e6e81137e0980e6561e,12,-3087.96337890625,True
cartpole,calf_wrapper_conservative_early,646f3123b5d64e6e81137e0980e6561e,13,-1409.4013671875,True
cartpole,calf_wrapper_conservative_early,646f3123b5d64e6e81137e0980e6561e,14,-9.876044273376465,True
cartpole,calf_wrapper_conservative_early,646f3123b5d64e6e81137e0980e6561e,15,-1813.981201171875,True
cartpole,calf_wrapper_conservative_early,646f3123b5d64e6e81137e0980e6561e,16,-662.90380859375,True
cartpole,calf_wrapper_conservative_early,646f3123b5d64e6e81137e0980e6561e,17,-443.7098083496094,True
cartpole,calf_wrapper_conservative_early,646f3123b5d64e6e81137e0980e6561e,18,-432.4331970214844,True
cartpole,calf_wrapper_conservative_early,646f3123b5d64e6e81137e0980e6561e,19,-511.85760498046875,True
cartpole,calf_wrapper_conservative_early,646f3123b5d64e6e81137e0980e6561e,20,-1259.3668212890625,True
cartpole,calf_wrapper_conservative_early,646f3123b5d64e6e81137e0980e6561e,21,-2563.696044921875,True
cartpole,calf_wrapper_conservative_early,646f3123b5d64e6e81137e0980e6561e,22,-120.47317504882812,True
cartpole,calf_wrapper_conservative_early,646f3123b5d64e6e81137e0980e6561e,23,-1876.5322265625,True
cartpole,calf_wrapper_conservative_early,646f3123b5d64e6e81137e0980e6561e,24,-947.4747314453125,True
cartpole,calf_wrapper_conservative_early,646f3123b5d64e6e81137e0980e6561e,25,-1294.86474609375,True
cartpole,calf_wrapper_conservative_early,646f3123b5d64e6e81137e0980e6561e,26,-458.9465637207031,True
cartpole,calf_wrapper_conservative_early,646f3123b5d64e6e81137e0980e6561e,27,-1714.8975830078125,True
cartpole,calf_wrapper_conservative_early,646f3123b5d64e6e81137e0980e6561e,28,-2199.38134765625,True
cartpole,calf_wrapper_conservative_early,646f3123b5d64e6e81137e0980e6561e,29,-376.0201416015625,True
cartpole,base_early,45bc46a6ae2f42c8ae2e5d73af2ea36a,0,-2423.217041015625,False
cartpole,base_early,45bc46a6ae2f42c8ae2e5d73af2ea36a,1,-2520.785888671875,False
cartpole,base_early,45bc46a6ae2f42c8ae2e5d73af2ea36a,2,-2694.05224609375,False
cartpole,base_early,45bc46a6ae2f42c8ae2e5d73af2ea36a,3,-2943.605224609375,False
cartpole,base_early,45bc46a6ae2f42c8ae2e5d73af2ea36a,4,-2639.0771484375,False
cartpole,base_early,45bc46a6ae2f42c8ae2e5d73af2ea36a,5,-2609.658203125,False
cartpole,base_early,45bc46a6ae2f42c8ae2e5d73af2ea36a,6,-3158.0087890625,False
cartpole,base_early,45bc46a6ae2f42c8ae2e5d73af2ea36a,7,-3338.244873046875,False
cartpole,base_early,45bc46a6ae2f42c8ae2e5d73af2ea36a,8,-2617.591552734375,False
cartpole,base_early,45bc46a6ae2f42c8ae2e5d73af2ea36a,9,-3183.205810546875,False
cartpole,base_early,45bc46a6ae2f42c8ae2e5d73af2ea36a,10,-3452.121337890625,False
cartpole,base_early,45bc46a6ae2f42c8ae2e5d73af2ea36a,11,-2802.547607421875,False
cartpole,base_early,45bc46a6ae2f42c8ae2e5d73af2ea36a,12,-3349.801025390625,False
cartpole,base_early,45bc46a6ae2f42c8ae2e5d73af2ea36a,13,-2550.561279296875,False
cartpole,base_early,45bc46a6ae2f42c8ae2e5d73af2ea36a,14,-2788.806396484375,False
cartpole,base_early,45bc46a6ae2f42c8ae2e5d73af2ea36a,15,-2368.9462890625,False
cartpole,base_early,45bc46a6ae2f42c8ae2e5d73af2ea36a,16,-2898.523193359375,False
cartpole,base_early,45bc46a6ae2f42c8ae2e5d73af2ea36a,17,-2616.892333984375,False
cartpole,base_early,45bc46a6ae2f42c8ae2e5d73af2ea36a,18,-2645.65185546875,False
cartpole,base_early,45bc46a6ae2f42c8ae2e5d73af2ea36a,19,-2920.095947265625,False
cartpole,base_early,45bc46a6ae2f42c8ae2e5d73af2ea36a,20,-3077.697265625,False
cartpole,base_early,45bc46a6ae2f42c8ae2e5d73af2ea36a,21,-3200.9013671875,False
cartpole,base_early,45bc46a6ae2f42c8ae2e5d73af2ea36a,22,-2626.883056640625,False
cartpole,base_early,45bc46a6ae2f42c8ae2e5d73af2ea36a,23,-2655.188232421875,False
cartpole,base_early,45bc46a6ae2f42c8ae2e5d73af2ea36a,24,-2630.6435546875,False
cartpole,base_early,45bc46a6ae2f42c8ae2e5d73af2ea36a,25,-2771.90234375,False
cartpole,base_early,45bc46a6ae2f42c8ae2e5d73af2ea36a,26,-2597.45361328125,False
cartpole,base_early,45bc46a6ae2f42c8ae2e5d73af2ea36a,27,-3126.38720703125,False
cartpole,base_early,45bc46a6ae2f42c8ae2e5d73af2ea36a,28,-2570.24462890625,False
cartpole,base_early,45bc46a6ae2f42c8ae2e5d73af2ea36a,29,-2732.562744140625,False
cartpole,fallback,fe79a5c15fb049878265ee136cbd1f2b,0,-800.7362670898438,True
cartpole,fallback,fe79a5c15fb049878265ee136cbd1f2b,1,-2.90848445892334,True
cartpole,fallback,fe79a5c15fb049878265ee136cbd1f2b,2,-1742.7506103515625,True
cartpole,fallback,fe79a5c15fb049878265ee136cbd1f2b,3,-837.8988647460938,True
cartpole,fallback,fe79a5c15fb049878265ee136cbd1f2b,4,-826.303466796875,True
cartpole,fallback,fe79a5c15fb049878265ee136cbd1f2b,5,-858.4552001953125,True
cartpole,fallback,fe79a5c15fb049878265ee136cbd1f2b,6,-3068.686767578125,True
cartpole,fallback,fe79a5c15fb049878265ee136cbd1f2b,7,-1604.160400390625,True
cartpole,fallback,fe79a5c15fb049878265ee136cbd1f2b,8,-522.20703125,True
cartpole,fallback,fe79a5c15fb049878265ee136cbd1f2b,9,-1376.6776123046875,True
cartpole,fallback,fe79a5c15fb049878265ee136cbd1f2b,10,-2150.461181640625,True
cartpole,fallback,fe79a5c15fb049878265ee136cbd1f2b,11,-1218.359375,True
cartpole,fallback,fe79a5c15fb049878265ee136cbd1f2b,12,-3124.34521484375,True
cartpole,fallback,fe79a5c15fb049878265ee136cbd1f2b,13,-1363.999755859375,True
cartpole,fallback,fe79a5c15fb049878265ee136cbd1f2b,14,-5.012766361236572,True
cartpole,fallback,fe79a5c15fb049878265ee136cbd1f2b,15,-198.31951904296875,True
cartpole,fallback,fe79a5c15fb049878265ee136cbd1f2b,16,-600.008056640625,True
cartpole,fallback,fe79a5c15fb049878265ee136cbd1f2b,17,-442.0680847167969,True
cartpole,fallback,fe79a5c15fb049878265ee136cbd1f2b,18,-64.17948150634766,True
cartpole,fallback,fe79a5c15fb049878265ee136cbd1f2b,19,-753.6077880859375,True
cartpole,fallback,fe79a5c15fb049878265ee136cbd1f2b,20,-1045.0311279296875,True
cartpole,fallback,fe79a5c15fb049878265ee136cbd1f2b,21,-240.07080078125,True
cartpole,fallback,fe79a5c15fb049878265ee136cbd1f2b,22,-96.57606506347656,True
cartpole,fallback,fe79a5c15fb049878265ee136cbd1f2b,23,-1862.5478515625,True
cartpole,fallback,fe79a5c15fb049878265ee136cbd1f2b,24,-965.162109375,True
cartpole,fallback,fe79a5c15fb049878265ee136cbd1f2b,25,-1544.927734375,True
cartpole,fallback,fe79a5c15fb049878265ee136cbd1f2b,26,-791.4763793945312,True
cartpole,fallback,fe79a5c15fb049878265ee136cbd1f2b,27,-1524.0711669921875,True
cartpole,fallback,fe79a5c15fb049878265ee136cbd1f2b,28,-949.6022338867188,True
cartpole,fallback,fe79a5c15fb049878265ee136cbd1f2b,29,-1480.4991455078125,True

