environment,checkpoint,method,trials,mean_episode_return,return_ci95_half_width,goal_reaching_rate,fallback_action_percentage
pendulum,Low,fallback,100,-373.282558083171,52.713386914505165,100.0,100.0
pendulum,Low,conservative,100,-372.16542383634487,52.80306733770866,100.0,99.485
pendulum,Low,guarded,100,-375.6853037645761,48.24560157180623,100.0,90.405
pendulum,Low,moderate,100,-526.5030227627699,32.973468091718324,99.0,69.905
pendulum,Low,balanced,100,-674.5814109768812,38.24869223408273,72.0,55.545
pendulum,Low,high,100,-889.2538195004407,34.05876249586824,12.0,32.325
pendulum,Low,almost_open,100,-1050.6731027188246,31.78083141899213,2.0,6.665
pendulum,Low,base,100,-1096.2044830322266,12.017183241899916,0.0,0.0
pendulum,Low,lagrangian,100,-1147.6464203135163,28.273760282323394,0.0,0.0
pendulum,Mid,fallback,100,-373.282558083171,52.713386914505165,100.0,100.0
pendulum,Mid,conservative,100,-254.2840695745591,28.940373594149474,100.0,91.95
pendulum,Mid,guarded,100,-257.71777808093464,22.5383362068421,100.0,85.14
pendulum,Mid,moderate,100,-387.24837378644384,25.890702975778275,99.0,68.83
pendulum,Mid,balanced,100,-481.7607389035169,28.95897709957049,94.0,56.065
pendulum,Mid,high,100,-592.4420988430921,28.242515564153518,44.0,34.5
pendulum,Mid,almost_open,100,-674.3368628659192,25.418026050378245,3.0,7.32
pendulum,Mid,base,100,-703.0475134277344,12.814223794995105,0.0,0.0
pendulum,Mid,lagrangian,100,-360.20778218171387,57.32689155569119,70.0,0.0
pendulum,High,fallback,100,-373.282558083171,52.713386914505165,100.0,100.0
pendulum,High,conservative,100,-214.9141134878341,22.604763719046062,100.0,88.34
pendulum,High,guarded,100,-203.0961290596146,24.55995231181941,100.0,84.72
pendulum,High,moderate,100,-215.48925373000094,28.042171124387192,100.0,76.775
pendulum,High,balanced,100,-219.52796719950624,30.413111673548535,100.0,73.47
pendulum,High,high,100,-274.32502201032827,47.65361501271171,92.0,66.735
pendulum,High,almost_open,100,-305.7373143343348,58.92985395555628,84.0,59.6
pendulum,High,base,100,-341.0491300097853,68.15578935849456,77.0,0.0
pendulum,High,lagrangian,100,-273.7713283180437,39.57860822096693,100.0,0.0
cartpole,Low,fallback,100,-762.5787818908691,128.49339571376692,100.0,100.0
cartpole,Low,conservative,100,-752.7033065414429,118.38162397568172,100.0,90.801
cartpole,Low,guarded,100,-614.135200843811,93.32797936313634,100.0,82.965
cartpole,Low,moderate,100,-845.7631497955322,131.6853411321477,100.0,71.212
cartpole,Low,balanced,100,-784.911759223938,130.06041725016468,96.0,64.90899999999999
cartpole,Low,high,100,-719.5246341705322,100.5310260485553,77.0,56.153
cartpole,Low,almost_open,100,-853.8328591918945,54.30442992846795,75.0,26.728
cartpole,Low,base,100,-1156.1706005859376,56.37119151037204,8.0,0.0
cartpole,Low,lagrangian,100,-1118.5486613162466,271.256176542266,97.0,0.0
cartpole,Mid,fallback,100,-762.5787818908691,128.49339571376692,100.0,100.0
cartpole,Mid,conservative,100,-759.5110820388794,131.31901266137888,100.0,87.39200000000001
cartpole,Mid,guarded,100,-464.0499306869507,73.14235514632847,100.0,82.676
cartpole,Mid,moderate,100,-471.2178981590271,86.31878547743871,99.0,75.843
cartpole,Mid,balanced,100,-503.3268754386902,72.93015120691254,100.0,72.709
cartpole,Mid,high,100,-594.4281855201721,113.03344126745215,100.0,67.38
cartpole,Mid,almost_open,100,-661.5702108764649,127.62643818085171,98.0,60.183
cartpole,Mid,base,100,-883.546506228447,251.91870326234016,90.0,0.0
cartpole,Mid,lagrangian,100,-873.9433407644245,171.3243483194678,96.0,0.0
cartpole,High,fallback,100,-762.5787818908691,128.49339571376692,100.0,100.0
cartpole,High,conservative,100,-665.1761064910888,113.03934350535079,100.0,89.53
cartpole,High,guarded,100,-481.2781533432007,70.69340950875849,100.0,84.816
cartpole,High,moderate,100,-410.80307445526125,42.701468710505736,100.0,78.736
cartpole,High,balanced,100,-460.12141258239745,65.71480942477696,100.0,75.827
cartpole,High,high,100,-440.0591032409668,52.5123655393077,100.0,73.1
cartpole,High,almost_open,100,-518.4255715942382,92.80547514459145,99.0,67.265
cartpole,High,base,100,-625.1035838985443,144.77763994275514,92.0,0.0
cartpole,High,lagrangian,100,-557.277020558504,63.60415633563954,100.0,0.0
auv,Low,fallback,100,-660.16982421875,15.572232035749414,100.0,100.0
auv,Low,conservative,100,-1148.0153479003907,101.24659803598237,100.0,88.80799999999999
auv,Low,guarded,100,-1888.8489331054689,92.39580249577747,100.0,82.88733333333333
auv,Low,moderate,100,-3478.3152532958984,206.1548263330147,77.0,63.06133333333333
auv,Low,balanced,100,-4041.7533837890624,251.20498103829226,45.0,50.562
auv,Low,high,100,-4862.356506347656,210.37310125370453,18.0,31.762666666666668
auv,Low,almost_open,100,-5647.0901171875,221.84268459006057,10.0,9.181333333333333
auv,Low,base,100,-5823.790070800781,158.87369015341497,5.0,0.0
auv,Low,lagrangian,100,-6459.835197321864,102.56972395963336,1.0,0.0
auv,Mid,fallback,100,-660.16982421875,15.572232035749414,100.0,100.0
auv,Mid,conservative,100,-824.535278930664,41.107365380862284,100.0,88.01266666666666
auv,Mid,guarded,100,-1293.4313858032226,115.09650020371491,100.0,82.01933333333335
auv,Mid,moderate,100,-1555.7266802978515,125.42819331998126,98.0,63.31466666666666
auv,Mid,balanced,100,-1643.6718487548828,122.6627685070883,97.0,55.25933333333333
auv,Mid,high,100,-2166.468175048828,184.09565149082312,73.0,38.285333333333334
auv,Mid,almost_open,100,-2932.7465625,129.4651698834511,2.0,5.558666666666666
auv,Mid,base,100,-2983.3678271484373,120.32256059290785,1.0,0.0
auv,Mid,lagrangian,100,-995.0595990604991,105.0409390308054,100.0,0.0
auv,High,fallback,100,-660.16982421875,15.572232035749414,100.0,100.0
auv,High,conservative,100,-559.8285754394532,32.95199146828821,100.0,87.91666666666666
auv,High,guarded,100,-498.2293830871582,25.713949525766076,100.0,83.39200000000001
auv,High,moderate,100,-518.2264038085938,26.90926203232677,100.0,80.73
auv,High,balanced,100,-520.8471936035156,27.060108912678686,100.0,80.18266666666666
auv,High,high,100,-522.2724258422852,27.100591175267482,100.0,79.68933333333334
auv,High,almost_open,100,-536.523233795166,39.41786287273543,100.0,79.08933333333333
auv,High,base,100,-539.1843264770508,40.56031021003758,100.0,0.0
auv,High,lagrangian,100,-577.1923593128781,31.204642304089344,100.0,0.0
robot,Low,fallback,100,-30.14648899078369,8.395203535598178,100.0,100.0
robot,Low,conservative,100,-23.894630317687987,8.937635239798638,100.0,92.1472149999901
robot,Low,guarded,100,-116.26713190078735,18.720187977364503,100.0,61.131596999045925
robot,Low,moderate,100,-236.58714294433594,38.74283756833672,100.0,45.87733287240979
robot,Low,balanced,100,-305.4684799194336,53.8131029829472,97.0,41.4171709115846
robot,Low,high,100,-377.4706634521484,62.791216687909376,17.0,28.97010548367949
robot,Low,almost_open,100,-426.1396451377869,68.75092144664123,0.0,4.813
robot,Low,base,100,-455.380034198761,68.53817750763181,0.0,0.0
robot,Low,lagrangian,100,-187.10546161527475,60.22512909993691,79.0,0.0
robot,Mid,fallback,100,-30.14648899078369,8.395203535598178,100.0,100.0
robot,Mid,conservative,100,-8.14863332748413,9.413027864316469,100.0,78.0841871299661
robot,Mid,guarded,100,-7.6055638885498045,13.533960895471617,100.0,55.532486117640175
robot,Mid,moderate,100,-16.903896007537842,22.05085682316287,100.0,47.4406292340354
robot,Mid,balanced,100,-8.185131759643555,20.324702593514296,81.0,44.179081392012286
robot,Mid,high,100,-0.6288966751098632,15.87305152199031,5.0,28.773289597799998
robot,Mid,almost_open,100,2.098396759033203,15.5062800074369,3.0,4.80060864374403
robot,Mid,base,100,2.0765150451660155,15.499108240240488,3.0,0.0
robot,Mid,lagrangian,100,14.151398457440717,8.787403707850029,95.0,0.0
robot,High,fallback,100,-30.14648899078369,8.395203535598178,100.0,100.0
robot,High,conservative,100,23.391733131408692,6.030026965020258,100.0,69.83047833894733
robot,High,guarded,100,33.3482871055603,3.38713719524079,100.0,55.678662583175566
robot,High,moderate,100,34.27708786010742,2.637661136900588,100.0,47.49631705793473
robot,High,balanced,100,34.28578842163086,2.636114588090993,98.0,43.93935971425475
robot,High,high,100,34.02504570007324,2.7046380926714466,6.0,28.30409913038302
robot,High,almost_open,100,34.28958477020264,2.635570867174123,5.0,4.715780909802733
robot,High,base,100,34.28958477020264,2.635570867174123,5.0,0.0
robot,High,lagrangian,100,29.830293165507666,2.8473811499592974,99.0,0.0
