environment,checkpoint_stage,mode,seed,return,ggr_success,episode_length
CartpoleSwingupEnvLong-v0,High,ppo-lagrangian,20260801,-482.47248577792664,True,1000
CartpoleSwingupEnvLong-v0,High,ppo-lagrangian,20260802,-328.48306223648626,True,1000
CartpoleSwingupEnvLong-v0,High,ppo-lagrangian,20260803,-817.5819292851165,True,1000
CartpoleSwingupEnvLong-v0,High,ppo-lagrangian,20260804,-575.3320735055295,True,1000
CartpoleSwingupEnvLong-v0,High,ppo-lagrangian,20260805,-170.77862528207945,True,1000
CartpoleSwingupEnvLong-v0,High,ppo-lagrangian,20260806,-529.4281739383299,True,1000
CartpoleSwingupEnvLong-v0,High,ppo-lagrangian,20260807,-547.6619043008009,True,1000
CartpoleSwingupEnvLong-v0,High,ppo-lagrangian,20260808,-578.5092146105575,True,1000
CartpoleSwingupEnvLong-v0,High,ppo-lagrangian,20260809,-566.2179932815504,True,1000
CartpoleSwingupEnvLong-v0,High,ppo-lagrangian,20260810,-626.7294145035492,True,1000
CartpoleSwingupEnvLong-v0,High,ppo-lagrangian,20260811,-210.04785513605884,True,1000
CartpoleSwingupEnvLong-v0,High,ppo-lagrangian,20260812,-336.4168531667171,True,1000
CartpoleSwingupEnvLong-v0,High,ppo-lagrangian,20260813,-572.9076551412242,True,1000
CartpoleSwingupEnvLong-v0,High,ppo-lagrangian,20260814,-108.7659287140101,True,1000
CartpoleSwingupEnvLong-v0,High,ppo-lagrangian,20260815,-657.0861954216736,True,1000
CartpoleSwingupEnvLong-v0,High,ppo-lagrangian,20260816,-513.2337457173714,True,1000
CartpoleSwingupEnvLong-v0,High,ppo-lagrangian,20260817,-482.11644917179143,True,1000
CartpoleSwingupEnvLong-v0,High,ppo-lagrangian,20260818,-353.13220150546016,True,1000
CartpoleSwingupEnvLong-v0,High,ppo-lagrangian,20260819,-926.4093142076669,True,1000
CartpoleSwingupEnvLong-v0,High,ppo-lagrangian,20260820,-333.37814268404134,True,1000
CartpoleSwingupEnvLong-v0,High,ppo-lagrangian,20260821,-579.3383011517176,True,1000
CartpoleSwingupEnvLong-v0,High,ppo-lagrangian,20260822,-170.4067029622206,True,1000
CartpoleSwingupEnvLong-v0,High,ppo-lagrangian,20260823,-568.6556596915757,True,1000
CartpoleSwingupEnvLong-v0,High,ppo-lagrangian,20260824,-1406.068035696433,True,1000
CartpoleSwingupEnvLong-v0,High,ppo-lagrangian,20260825,-976.252620126698,True,1000
CartpoleSwingupEnvLong-v0,High,ppo-lagrangian,20260826,-383.76933005515065,True,1000
CartpoleSwingupEnvLong-v0,High,ppo-lagrangian,20260827,-798.2961473820774,True,1000
CartpoleSwingupEnvLong-v0,High,ppo-lagrangian,20260828,-1044.8005087641013,True,1000
CartpoleSwingupEnvLong-v0,High,ppo-lagrangian,20260829,-942.6330446243943,True,1000
CartpoleSwingupEnvLong-v0,High,ppo-lagrangian,20260830,-385.3857293761106,True,1000
CartpoleSwingupEnvLong-v0,High,ppo-lagrangian,20260831,-514.9341254917509,True,1000
CartpoleSwingupEnvLong-v0,High,ppo-lagrangian,20260832,-433.9417538055677,True,1000
CartpoleSwingupEnvLong-v0,High,ppo-lagrangian,20260833,-351.8146291185655,True,1000
CartpoleSwingupEnvLong-v0,High,ppo-lagrangian,20260834,-412.97891889227236,True,1000
CartpoleSwingupEnvLong-v0,High,ppo-lagrangian,20260835,-183.3378842972664,True,1000
CartpoleSwingupEnvLong-v0,High,ppo-lagrangian,20260836,-633.5478367857039,True,1000
CartpoleSwingupEnvLong-v0,High,ppo-lagrangian,20260837,-782.9353809643753,True,1000
CartpoleSwingupEnvLong-v0,High,ppo-lagrangian,20260838,-357.97804284557174,True,1000
CartpoleSwingupEnvLong-v0,High,ppo-lagrangian,20260839,-744.7110351613009,True,1000
CartpoleSwingupEnvLong-v0,High,ppo-lagrangian,20260840,-1484.508598492432,True,1000
CartpoleSwingupEnvLong-v0,High,ppo-lagrangian,20260841,-34.502330291974644,True,1000
CartpoleSwingupEnvLong-v0,High,ppo-lagrangian,20260842,-1877.6084264818376,True,1000
CartpoleSwingupEnvLong-v0,High,ppo-lagrangian,20260843,-647.3632274327791,True,1000
CartpoleSwingupEnvLong-v0,High,ppo-lagrangian,20260844,-1175.2402252220586,True,1000
CartpoleSwingupEnvLong-v0,High,ppo-lagrangian,20260845,-483.65991410129215,True,1000
CartpoleSwingupEnvLong-v0,High,ppo-lagrangian,20260846,-296.8665471591538,True,1000
CartpoleSwingupEnvLong-v0,High,ppo-lagrangian,20260847,-651.8337097214335,True,1000
CartpoleSwingupEnvLong-v0,High,ppo-lagrangian,20260848,-622.5221897478227,True,1000
CartpoleSwingupEnvLong-v0,High,ppo-lagrangian,20260849,-732.3634527383069,True,1000
CartpoleSwingupEnvLong-v0,High,ppo-lagrangian,20260850,-745.7608917723798,True,1000
CartpoleSwingupEnvLong-v0,High,ppo-lagrangian,20260851,-540.0760493841544,True,1000
CartpoleSwingupEnvLong-v0,High,ppo-lagrangian,20260852,-709.2322639694431,True,1000
CartpoleSwingupEnvLong-v0,High,ppo-lagrangian,20260853,-462.7037529661352,True,1000
CartpoleSwingupEnvLong-v0,High,ppo-lagrangian,20260854,-482.8713844224161,True,1000
CartpoleSwingupEnvLong-v0,High,ppo-lagrangian,20260855,-485.3159074439812,True,1000
CartpoleSwingupEnvLong-v0,High,ppo-lagrangian,20260856,-561.8744568087891,True,1000
CartpoleSwingupEnvLong-v0,High,ppo-lagrangian,20260857,-853.5855357047948,True,1000
CartpoleSwingupEnvLong-v0,High,ppo-lagrangian,20260858,-488.65582944243704,True,1000
CartpoleSwingupEnvLong-v0,High,ppo-lagrangian,20260859,-1040.9197212918677,True,1000
CartpoleSwingupEnvLong-v0,High,ppo-lagrangian,20260860,-825.1677177828672,True,1000
CartpoleSwingupEnvLong-v0,High,ppo-lagrangian,20260861,-588.709069306838,True,1000
CartpoleSwingupEnvLong-v0,High,ppo-lagrangian,20260862,-620.8779255177079,True,1000
CartpoleSwingupEnvLong-v0,High,ppo-lagrangian,20260863,-941.9126954124765,True,1000
CartpoleSwingupEnvLong-v0,High,ppo-lagrangian,20260864,-377.9707471418382,True,1000
CartpoleSwingupEnvLong-v0,High,ppo-lagrangian,20260865,-354.60748610084187,True,1000
CartpoleSwingupEnvLong-v0,High,ppo-lagrangian,20260866,-574.3283681626207,True,1000
CartpoleSwingupEnvLong-v0,High,ppo-lagrangian,20260867,-1011.4966285573771,True,1000
CartpoleSwingupEnvLong-v0,High,ppo-lagrangian,20260868,-11.525028854665848,True,1000
CartpoleSwingupEnvLong-v0,High,ppo-lagrangian,20260869,-42.92653888746331,True,1000
CartpoleSwingupEnvLong-v0,High,ppo-lagrangian,20260870,-790.9907516303678,True,1000
CartpoleSwingupEnvLong-v0,High,ppo-lagrangian,20260871,-279.99713352682863,True,1000
CartpoleSwingupEnvLong-v0,High,ppo-lagrangian,20260872,-502.68889434664675,True,1000
CartpoleSwingupEnvLong-v0,High,ppo-lagrangian,20260873,-661.0123063391235,True,1000
CartpoleSwingupEnvLong-v0,High,ppo-lagrangian,20260874,-608.1361908088126,True,1000
CartpoleSwingupEnvLong-v0,High,ppo-lagrangian,20260875,-515.435033651943,True,1000
CartpoleSwingupEnvLong-v0,High,ppo-lagrangian,20260876,-1015.8497368934115,True,1000
CartpoleSwingupEnvLong-v0,High,ppo-lagrangian,20260877,-201.68759124173295,True,1000
CartpoleSwingupEnvLong-v0,High,ppo-lagrangian,20260878,-356.1320805416135,True,1000
CartpoleSwingupEnvLong-v0,High,ppo-lagrangian,20260879,-702.4990568750354,True,1000
CartpoleSwingupEnvLong-v0,High,ppo-lagrangian,20260880,-661.035971571572,True,1000
CartpoleSwingupEnvLong-v0,High,ppo-lagrangian,20260881,-608.6292665721901,True,1000
CartpoleSwingupEnvLong-v0,High,ppo-lagrangian,20260882,-364.5131435764613,True,1000
CartpoleSwingupEnvLong-v0,High,ppo-lagrangian,20260883,-725.1696703267878,True,1000
CartpoleSwingupEnvLong-v0,High,ppo-lagrangian,20260884,-522.8454693443396,True,1000
CartpoleSwingupEnvLong-v0,High,ppo-lagrangian,20260885,-185.83022488951593,True,1000
CartpoleSwingupEnvLong-v0,High,ppo-lagrangian,20260886,-9.612746889950774,True,1000
CartpoleSwingupEnvLong-v0,High,ppo-lagrangian,20260887,-1196.4844596115593,True,1000
CartpoleSwingupEnvLong-v0,High,ppo-lagrangian,20260888,-170.72616218523595,True,1000
CartpoleSwingupEnvLong-v0,High,ppo-lagrangian,20260889,-300.8561057877068,True,1000
CartpoleSwingupEnvLong-v0,High,ppo-lagrangian,20260890,-430.23516686431094,True,1000
CartpoleSwingupEnvLong-v0,High,ppo-lagrangian,20260891,-323.68317673141735,True,1000
CartpoleSwingupEnvLong-v0,High,ppo-lagrangian,20260892,-34.81787874535123,True,1000
CartpoleSwingupEnvLong-v0,High,ppo-lagrangian,20260893,-376.5091337941143,True,1000
CartpoleSwingupEnvLong-v0,High,ppo-lagrangian,20260894,-169.1058947257814,True,1000
CartpoleSwingupEnvLong-v0,High,ppo-lagrangian,20260895,-517.2826240029699,True,1000
CartpoleSwingupEnvLong-v0,High,ppo-lagrangian,20260896,-8.272932184038224,True,1000
CartpoleSwingupEnvLong-v0,High,ppo-lagrangian,20260897,-574.9860252124499,True,1000
CartpoleSwingupEnvLong-v0,High,ppo-lagrangian,20260898,-993.3914046390996,True,1000
CartpoleSwingupEnvLong-v0,High,ppo-lagrangian,20260899,-159.62202780185171,True,1000
CartpoleSwingupEnvLong-v0,High,ppo-lagrangian,20260900,-644.2022694371931,True,1000
CartpoleSwingupEnvLong-v0,Low,ppo-lagrangian,20260801,-738.8509248070067,True,1000
CartpoleSwingupEnvLong-v0,Low,ppo-lagrangian,20260802,-379.43539508949783,True,1000
CartpoleSwingupEnvLong-v0,Low,ppo-lagrangian,20260803,-1662.78533397961,True,1000
CartpoleSwingupEnvLong-v0,Low,ppo-lagrangian,20260804,-901.1755148240701,True,1000
CartpoleSwingupEnvLong-v0,Low,ppo-lagrangian,20260805,-204.5858422458254,True,1000
CartpoleSwingupEnvLong-v0,Low,ppo-lagrangian,20260806,-389.80880529968664,True,1000
CartpoleSwingupEnvLong-v0,Low,ppo-lagrangian,20260807,-818.0795885320085,True,1000
CartpoleSwingupEnvLong-v0,Low,ppo-lagrangian,20260808,-1056.6934273370923,True,1000
CartpoleSwingupEnvLong-v0,Low,ppo-lagrangian,20260809,-436.1559016882027,True,1000
CartpoleSwingupEnvLong-v0,Low,ppo-lagrangian,20260810,-986.5431339161325,True,1000
CartpoleSwingupEnvLong-v0,Low,ppo-lagrangian,20260811,-303.6783015500692,True,1000
CartpoleSwingupEnvLong-v0,Low,ppo-lagrangian,20260812,-353.773999259361,True,1000
CartpoleSwingupEnvLong-v0,Low,ppo-lagrangian,20260813,-565.7928342779043,True,1000
CartpoleSwingupEnvLong-v0,Low,ppo-lagrangian,20260814,-350.040295283598,True,1000
CartpoleSwingupEnvLong-v0,Low,ppo-lagrangian,20260815,-1109.0612372456735,True,1000
CartpoleSwingupEnvLong-v0,Low,ppo-lagrangian,20260816,-857.7911068658257,True,1000
CartpoleSwingupEnvLong-v0,Low,ppo-lagrangian,20260817,-543.1932390203181,True,1000
CartpoleSwingupEnvLong-v0,Low,ppo-lagrangian,20260818,-1292.429199974491,True,1000
CartpoleSwingupEnvLong-v0,Low,ppo-lagrangian,20260819,-1567.5570587255447,True,1000
CartpoleSwingupEnvLong-v0,Low,ppo-lagrangian,20260820,-444.48967097606084,True,1000
CartpoleSwingupEnvLong-v0,Low,ppo-lagrangian,20260821,-1220.778054886232,True,1000
CartpoleSwingupEnvLong-v0,Low,ppo-lagrangian,20260822,-185.69348465257224,True,1000
CartpoleSwingupEnvLong-v0,Low,ppo-lagrangian,20260823,-856.9278247009606,True,1000
CartpoleSwingupEnvLong-v0,Low,ppo-lagrangian,20260824,-3053.19212565365,True,1000
CartpoleSwingupEnvLong-v0,Low,ppo-lagrangian,20260825,-3109.4979781700345,True,1000
CartpoleSwingupEnvLong-v0,Low,ppo-lagrangian,20260826,-508.92091067522637,True,1000
CartpoleSwingupEnvLong-v0,Low,ppo-lagrangian,20260827,-1314.8370957388945,True,1000
CartpoleSwingupEnvLong-v0,Low,ppo-lagrangian,20260828,-1590.4425563142481,True,1000
CartpoleSwingupEnvLong-v0,Low,ppo-lagrangian,20260829,-3084.5309706881158,True,1000
CartpoleSwingupEnvLong-v0,Low,ppo-lagrangian,20260830,-1141.5677315631465,True,1000
CartpoleSwingupEnvLong-v0,Low,ppo-lagrangian,20260831,-6978.789084744981,False,1000
CartpoleSwingupEnvLong-v0,Low,ppo-lagrangian,20260832,-781.0728527239546,True,1000
CartpoleSwingupEnvLong-v0,Low,ppo-lagrangian,20260833,-601.8747938284217,True,1000
CartpoleSwingupEnvLong-v0,Low,ppo-lagrangian,20260834,-472.3903398620829,True,1000
CartpoleSwingupEnvLong-v0,Low,ppo-lagrangian,20260835,-281.56374330101687,True,1000
CartpoleSwingupEnvLong-v0,Low,ppo-lagrangian,20260836,-365.878028488408,True,1000
CartpoleSwingupEnvLong-v0,Low,ppo-lagrangian,20260837,-1226.425775117781,True,1000
CartpoleSwingupEnvLong-v0,Low,ppo-lagrangian,20260838,-783.7189115737084,True,1000
CartpoleSwingupEnvLong-v0,Low,ppo-lagrangian,20260839,-10309.254516538398,False,1000
CartpoleSwingupEnvLong-v0,Low,ppo-lagrangian,20260840,-3066.0493565371726,True,1000
CartpoleSwingupEnvLong-v0,Low,ppo-lagrangian,20260841,-35.52235518179259,True,1000
CartpoleSwingupEnvLong-v0,Low,ppo-lagrangian,20260842,-1534.201912664284,True,1000
CartpoleSwingupEnvLong-v0,Low,ppo-lagrangian,20260843,-1037.3850532353117,True,1000
CartpoleSwingupEnvLong-v0,Low,ppo-lagrangian,20260844,-1379.4230971264274,True,1000
CartpoleSwingupEnvLong-v0,Low,ppo-lagrangian,20260845,-251.37430991746643,True,1000
CartpoleSwingupEnvLong-v0,Low,ppo-lagrangian,20260846,-759.1965880442294,True,1000
CartpoleSwingupEnvLong-v0,Low,ppo-lagrangian,20260847,-728.9351121561319,True,1000
CartpoleSwingupEnvLong-v0,Low,ppo-lagrangian,20260848,-2964.8984526385816,True,1000
CartpoleSwingupEnvLong-v0,Low,ppo-lagrangian,20260849,-712.5027247801689,True,1000
CartpoleSwingupEnvLong-v0,Low,ppo-lagrangian,20260850,-1456.9049259282488,True,1000
CartpoleSwingupEnvLong-v0,Low,ppo-lagrangian,20260851,-325.655673259299,True,1000
CartpoleSwingupEnvLong-v0,Low,ppo-lagrangian,20260852,-361.5255706250595,True,1000
CartpoleSwingupEnvLong-v0,Low,ppo-lagrangian,20260853,-831.5200985994469,True,1000
CartpoleSwingupEnvLong-v0,Low,ppo-lagrangian,20260854,-579.2754465035101,True,1000
CartpoleSwingupEnvLong-v0,Low,ppo-lagrangian,20260855,-420.4306542240299,True,1000
CartpoleSwingupEnvLong-v0,Low,ppo-lagrangian,20260856,-1734.9403923313118,True,1000
CartpoleSwingupEnvLong-v0,Low,ppo-lagrangian,20260857,-4553.732332019054,False,1000
CartpoleSwingupEnvLong-v0,Low,ppo-lagrangian,20260858,-952.6745329529473,True,1000
CartpoleSwingupEnvLong-v0,Low,ppo-lagrangian,20260859,-1324.844505273442,True,1000
CartpoleSwingupEnvLong-v0,Low,ppo-lagrangian,20260860,-652.3185263836458,True,1000
CartpoleSwingupEnvLong-v0,Low,ppo-lagrangian,20260861,-1282.0403562061751,True,1000
CartpoleSwingupEnvLong-v0,Low,ppo-lagrangian,20260862,-2531.1038579602077,True,1000
CartpoleSwingupEnvLong-v0,Low,ppo-lagrangian,20260863,-521.642437016799,True,1000
CartpoleSwingupEnvLong-v0,Low,ppo-lagrangian,20260864,-389.9162545161175,True,1000
CartpoleSwingupEnvLong-v0,Low,ppo-lagrangian,20260865,-798.6432744448472,True,1000
CartpoleSwingupEnvLong-v0,Low,ppo-lagrangian,20260866,-382.0589992651886,True,1000
CartpoleSwingupEnvLong-v0,Low,ppo-lagrangian,20260867,-1526.2464631967784,True,1000
CartpoleSwingupEnvLong-v0,Low,ppo-lagrangian,20260868,-22.349850938092636,True,1000
CartpoleSwingupEnvLong-v0,Low,ppo-lagrangian,20260869,-74.66901960265602,True,1000
CartpoleSwingupEnvLong-v0,Low,ppo-lagrangian,20260870,-2391.909226908248,True,1000
CartpoleSwingupEnvLong-v0,Low,ppo-lagrangian,20260871,-401.8602888600049,True,1000
CartpoleSwingupEnvLong-v0,Low,ppo-lagrangian,20260872,-744.6061211682568,True,1000
CartpoleSwingupEnvLong-v0,Low,ppo-lagrangian,20260873,-814.1993845575813,True,1000
CartpoleSwingupEnvLong-v0,Low,ppo-lagrangian,20260874,-1480.654346338709,True,1000
CartpoleSwingupEnvLong-v0,Low,ppo-lagrangian,20260875,-598.2456698407884,True,1000
CartpoleSwingupEnvLong-v0,Low,ppo-lagrangian,20260876,-1783.733661292427,True,1000
CartpoleSwingupEnvLong-v0,Low,ppo-lagrangian,20260877,-207.05716151842157,True,1000
CartpoleSwingupEnvLong-v0,Low,ppo-lagrangian,20260878,-472.61792218399836,True,1000
CartpoleSwingupEnvLong-v0,Low,ppo-lagrangian,20260879,-421.991131943879,True,1000
CartpoleSwingupEnvLong-v0,Low,ppo-lagrangian,20260880,-2208.4603754429418,True,1000
CartpoleSwingupEnvLong-v0,Low,ppo-lagrangian,20260881,-2942.7398769544916,True,1000
CartpoleSwingupEnvLong-v0,Low,ppo-lagrangian,20260882,-965.7666916459254,True,1000
CartpoleSwingupEnvLong-v0,Low,ppo-lagrangian,20260883,-2180.5793459363017,True,1000
CartpoleSwingupEnvLong-v0,Low,ppo-lagrangian,20260884,-367.8161511078607,True,1000
CartpoleSwingupEnvLong-v0,Low,ppo-lagrangian,20260885,-273.3726103215007,True,1000
CartpoleSwingupEnvLong-v0,Low,ppo-lagrangian,20260886,-19.05470926381317,True,1000
CartpoleSwingupEnvLong-v0,Low,ppo-lagrangian,20260887,-1421.9082526184066,True,1000
CartpoleSwingupEnvLong-v0,Low,ppo-lagrangian,20260888,-370.49659469177925,True,1000
CartpoleSwingupEnvLong-v0,Low,ppo-lagrangian,20260889,-490.60716156044964,True,1000
CartpoleSwingupEnvLong-v0,Low,ppo-lagrangian,20260890,-776.1325737465222,True,1000
CartpoleSwingupEnvLong-v0,Low,ppo-lagrangian,20260891,-340.70540576637535,True,1000
CartpoleSwingupEnvLong-v0,Low,ppo-lagrangian,20260892,-86.67030726248997,True,1000
CartpoleSwingupEnvLong-v0,Low,ppo-lagrangian,20260893,-382.9367388249898,True,1000
CartpoleSwingupEnvLong-v0,Low,ppo-lagrangian,20260894,-191.43749635362,True,1000
CartpoleSwingupEnvLong-v0,Low,ppo-lagrangian,20260895,-220.90305071766386,True,1000
CartpoleSwingupEnvLong-v0,Low,ppo-lagrangian,20260896,-23.823563250107824,True,1000
CartpoleSwingupEnvLong-v0,Low,ppo-lagrangian,20260897,-795.4924121494181,True,1000
CartpoleSwingupEnvLong-v0,Low,ppo-lagrangian,20260898,-1571.624325951215,True,1000
CartpoleSwingupEnvLong-v0,Low,ppo-lagrangian,20260899,-181.46452460850537,True,1000
CartpoleSwingupEnvLong-v0,Low,ppo-lagrangian,20260900,-704.7393251897327,True,1000
CartpoleSwingupEnvLong-v0,Mid,ppo-lagrangian,20260801,-487.85515185744055,True,1000
CartpoleSwingupEnvLong-v0,Mid,ppo-lagrangian,20260802,-1579.11284823472,True,1000
CartpoleSwingupEnvLong-v0,Mid,ppo-lagrangian,20260803,-1290.0162775942895,True,1000
CartpoleSwingupEnvLong-v0,Mid,ppo-lagrangian,20260804,-656.9212411125764,True,1000
CartpoleSwingupEnvLong-v0,Mid,ppo-lagrangian,20260805,-216.91795656697138,True,1000
CartpoleSwingupEnvLong-v0,Mid,ppo-lagrangian,20260806,-407.8408333879887,True,1000
CartpoleSwingupEnvLong-v0,Mid,ppo-lagrangian,20260807,-881.4747842359961,True,1000
CartpoleSwingupEnvLong-v0,Mid,ppo-lagrangian,20260808,-634.1772668008276,True,1000
CartpoleSwingupEnvLong-v0,Mid,ppo-lagrangian,20260809,-402.61586799105606,True,1000
CartpoleSwingupEnvLong-v0,Mid,ppo-lagrangian,20260810,-1795.901166876221,True,1000
CartpoleSwingupEnvLong-v0,Mid,ppo-lagrangian,20260811,-256.60859144788105,True,1000
CartpoleSwingupEnvLong-v0,Mid,ppo-lagrangian,20260812,-374.82033913966205,True,1000
CartpoleSwingupEnvLong-v0,Mid,ppo-lagrangian,20260813,-404.62096400993227,True,1000
CartpoleSwingupEnvLong-v0,Mid,ppo-lagrangian,20260814,-69.78978291887971,True,1000
CartpoleSwingupEnvLong-v0,Mid,ppo-lagrangian,20260815,-435.6580064858477,True,1000
CartpoleSwingupEnvLong-v0,Mid,ppo-lagrangian,20260816,-649.3175631412615,True,1000
CartpoleSwingupEnvLong-v0,Mid,ppo-lagrangian,20260817,-523.2155324158758,True,1000
CartpoleSwingupEnvLong-v0,Mid,ppo-lagrangian,20260818,-915.27330251091,True,1000
CartpoleSwingupEnvLong-v0,Mid,ppo-lagrangian,20260819,-1540.2998437194026,True,1000
CartpoleSwingupEnvLong-v0,Mid,ppo-lagrangian,20260820,-473.3499898586709,True,1000
CartpoleSwingupEnvLong-v0,Mid,ppo-lagrangian,20260821,-633.017816196031,True,1000
CartpoleSwingupEnvLong-v0,Mid,ppo-lagrangian,20260822,-206.82149451633035,True,1000
CartpoleSwingupEnvLong-v0,Mid,ppo-lagrangian,20260823,-962.4469625160449,True,1000
CartpoleSwingupEnvLong-v0,Mid,ppo-lagrangian,20260824,-1351.1076581575176,True,1000
CartpoleSwingupEnvLong-v0,Mid,ppo-lagrangian,20260825,-792.28506702435,True,1000
CartpoleSwingupEnvLong-v0,Mid,ppo-lagrangian,20260826,-323.21485736555735,True,1000
CartpoleSwingupEnvLong-v0,Mid,ppo-lagrangian,20260827,-1335.2374077871837,True,1000
CartpoleSwingupEnvLong-v0,Mid,ppo-lagrangian,20260828,-1424.9574319236972,True,1000
CartpoleSwingupEnvLong-v0,Mid,ppo-lagrangian,20260829,-2248.614575623339,True,1000
CartpoleSwingupEnvLong-v0,Mid,ppo-lagrangian,20260830,-498.5830501592474,True,1000
CartpoleSwingupEnvLong-v0,Mid,ppo-lagrangian,20260831,-851.8600411942354,True,1000
CartpoleSwingupEnvLong-v0,Mid,ppo-lagrangian,20260832,-447.9198181176276,True,1000
CartpoleSwingupEnvLong-v0,Mid,ppo-lagrangian,20260833,-484.4691644130886,True,1000
CartpoleSwingupEnvLong-v0,Mid,ppo-lagrangian,20260834,-453.6597100048861,True,1000
CartpoleSwingupEnvLong-v0,Mid,ppo-lagrangian,20260835,-254.85528849747166,True,1000
CartpoleSwingupEnvLong-v0,Mid,ppo-lagrangian,20260836,-401.8675108902721,True,1000
CartpoleSwingupEnvLong-v0,Mid,ppo-lagrangian,20260837,-3147.5001910639317,False,1000
CartpoleSwingupEnvLong-v0,Mid,ppo-lagrangian,20260838,-430.73765520972546,True,1000
CartpoleSwingupEnvLong-v0,Mid,ppo-lagrangian,20260839,-5180.395869373403,False,1000
CartpoleSwingupEnvLong-v0,Mid,ppo-lagrangian,20260840,-1363.721619254444,True,1000
CartpoleSwingupEnvLong-v0,Mid,ppo-lagrangian,20260841,-63.28200314119806,True,1000
CartpoleSwingupEnvLong-v0,Mid,ppo-lagrangian,20260842,-1558.023299351829,True,1000
CartpoleSwingupEnvLong-v0,Mid,ppo-lagrangian,20260843,-1983.3439042003317,True,1000
CartpoleSwingupEnvLong-v0,Mid,ppo-lagrangian,20260844,-1525.0663977372049,True,1000
CartpoleSwingupEnvLong-v0,Mid,ppo-lagrangian,20260845,-223.26784268050088,True,1000
CartpoleSwingupEnvLong-v0,Mid,ppo-lagrangian,20260846,-5003.021990077091,False,1000
CartpoleSwingupEnvLong-v0,Mid,ppo-lagrangian,20260847,-710.0372431749969,True,1000
CartpoleSwingupEnvLong-v0,Mid,ppo-lagrangian,20260848,-1294.634466348819,True,1000
CartpoleSwingupEnvLong-v0,Mid,ppo-lagrangian,20260849,-594.2212487667622,True,1000
CartpoleSwingupEnvLong-v0,Mid,ppo-lagrangian,20260850,-1563.551156417441,True,1000
CartpoleSwingupEnvLong-v0,Mid,ppo-lagrangian,20260851,-269.4382234242921,True,1000
CartpoleSwingupEnvLong-v0,Mid,ppo-lagrangian,20260852,-455.74227204174946,True,1000
CartpoleSwingupEnvLong-v0,Mid,ppo-lagrangian,20260853,-836.5297485840043,True,1000
CartpoleSwingupEnvLong-v0,Mid,ppo-lagrangian,20260854,-1641.4980003574972,True,1000
CartpoleSwingupEnvLong-v0,Mid,ppo-lagrangian,20260855,-489.3394513828004,True,1000
CartpoleSwingupEnvLong-v0,Mid,ppo-lagrangian,20260856,-1670.2271445928002,True,1000
CartpoleSwingupEnvLong-v0,Mid,ppo-lagrangian,20260857,-652.579454503169,True,1000
CartpoleSwingupEnvLong-v0,Mid,ppo-lagrangian,20260858,-1176.6751973651549,True,1000
CartpoleSwingupEnvLong-v0,Mid,ppo-lagrangian,20260859,-1409.6153593760362,True,1000
CartpoleSwingupEnvLong-v0,Mid,ppo-lagrangian,20260860,-622.9064628789259,True,1000
CartpoleSwingupEnvLong-v0,Mid,ppo-lagrangian,20260861,-258.4047905380893,True,1000
CartpoleSwingupEnvLong-v0,Mid,ppo-lagrangian,20260862,-1182.4261442462655,True,1000
CartpoleSwingupEnvLong-v0,Mid,ppo-lagrangian,20260863,-1979.498177233225,True,1000
CartpoleSwingupEnvLong-v0,Mid,ppo-lagrangian,20260864,-419.36974450936225,True,1000
CartpoleSwingupEnvLong-v0,Mid,ppo-lagrangian,20260865,-529.0213227769163,True,1000
CartpoleSwingupEnvLong-v0,Mid,ppo-lagrangian,20260866,-411.4942005361231,True,1000
CartpoleSwingupEnvLong-v0,Mid,ppo-lagrangian,20260867,-1565.681656170945,True,1000
CartpoleSwingupEnvLong-v0,Mid,ppo-lagrangian,20260868,-61.933886204538844,True,1000
CartpoleSwingupEnvLong-v0,Mid,ppo-lagrangian,20260869,-128.3723508245429,True,1000
CartpoleSwingupEnvLong-v0,Mid,ppo-lagrangian,20260870,-569.3120691077777,True,1000
CartpoleSwingupEnvLong-v0,Mid,ppo-lagrangian,20260871,-296.77972664482417,True,1000
CartpoleSwingupEnvLong-v0,Mid,ppo-lagrangian,20260872,-417.0096210353868,True,1000
CartpoleSwingupEnvLong-v0,Mid,ppo-lagrangian,20260873,-1414.0173897316238,True,1000
CartpoleSwingupEnvLong-v0,Mid,ppo-lagrangian,20260874,-1598.8023557239292,True,1000
CartpoleSwingupEnvLong-v0,Mid,ppo-lagrangian,20260875,-360.3324896709001,True,1000
CartpoleSwingupEnvLong-v0,Mid,ppo-lagrangian,20260876,-862.0550133526835,True,1000
CartpoleSwingupEnvLong-v0,Mid,ppo-lagrangian,20260877,-232.3017195601065,True,1000
CartpoleSwingupEnvLong-v0,Mid,ppo-lagrangian,20260878,-296.64067528910743,True,1000
CartpoleSwingupEnvLong-v0,Mid,ppo-lagrangian,20260879,-407.477442738736,True,1000
CartpoleSwingupEnvLong-v0,Mid,ppo-lagrangian,20260880,-3263.995471843575,False,1000
CartpoleSwingupEnvLong-v0,Mid,ppo-lagrangian,20260881,-1254.2411112764732,True,1000
CartpoleSwingupEnvLong-v0,Mid,ppo-lagrangian,20260882,-616.4313671972413,True,1000
CartpoleSwingupEnvLong-v0,Mid,ppo-lagrangian,20260883,-1788.1833976296214,True,1000
CartpoleSwingupEnvLong-v0,Mid,ppo-lagrangian,20260884,-396.97887342147754,True,1000
CartpoleSwingupEnvLong-v0,Mid,ppo-lagrangian,20260885,-249.1779517275742,True,1000
CartpoleSwingupEnvLong-v0,Mid,ppo-lagrangian,20260886,-53.385800377159505,True,1000
CartpoleSwingupEnvLong-v0,Mid,ppo-lagrangian,20260887,-1448.7573003929035,True,1000
CartpoleSwingupEnvLong-v0,Mid,ppo-lagrangian,20260888,-248.4837117775461,True,1000
CartpoleSwingupEnvLong-v0,Mid,ppo-lagrangian,20260889,-327.8954454039012,True,1000
CartpoleSwingupEnvLong-v0,Mid,ppo-lagrangian,20260890,-456.20588194016455,True,1000
CartpoleSwingupEnvLong-v0,Mid,ppo-lagrangian,20260891,-360.8207128119301,True,1000
CartpoleSwingupEnvLong-v0,Mid,ppo-lagrangian,20260892,-127.26380891547646,True,1000
CartpoleSwingupEnvLong-v0,Mid,ppo-lagrangian,20260893,-394.88050908910833,True,1000
CartpoleSwingupEnvLong-v0,Mid,ppo-lagrangian,20260894,-219.77338627224964,True,1000
CartpoleSwingupEnvLong-v0,Mid,ppo-lagrangian,20260895,-215.15872618431982,True,1000
CartpoleSwingupEnvLong-v0,Mid,ppo-lagrangian,20260896,-60.43731220836759,True,1000
CartpoleSwingupEnvLong-v0,Mid,ppo-lagrangian,20260897,-913.6695964654841,True,1000
CartpoleSwingupEnvLong-v0,Mid,ppo-lagrangian,20260898,-519.5018249776643,True,1000
CartpoleSwingupEnvLong-v0,Mid,ppo-lagrangian,20260899,-206.0701581533911,True,1000
CartpoleSwingupEnvLong-v0,Mid,ppo-lagrangian,20260900,-750.0295864843413,True,1000
Pendulum-v1,High,ppo-lagrangian,42,-123.05785670330424,True,200
Pendulum-v1,High,ppo-lagrangian,43,-646.9960023373884,True,200
Pendulum-v1,High,ppo-lagrangian,44,-239.81994901100978,True,200
Pendulum-v1,High,ppo-lagrangian,45,-649.2431619062884,True,200
Pendulum-v1,High,ppo-lagrangian,46,-265.33335211873737,True,200
Pendulum-v1,High,ppo-lagrangian,47,-119.84006664937897,True,200
Pendulum-v1,High,ppo-lagrangian,48,-127.04398322716031,True,200
Pendulum-v1,High,ppo-lagrangian,49,-125.83628158282336,True,200
Pendulum-v1,High,ppo-lagrangian,50,-118.29476365476793,True,200
Pendulum-v1,High,ppo-lagrangian,51,-261.7519855525698,True,200
Pendulum-v1,High,ppo-lagrangian,52,-647.0765967511705,True,200
Pendulum-v1,High,ppo-lagrangian,53,-350.91637375240316,True,200
Pendulum-v1,High,ppo-lagrangian,54,-121.32974699896828,True,200
Pendulum-v1,High,ppo-lagrangian,55,-244.16373338846765,True,200
Pendulum-v1,High,ppo-lagrangian,56,-126.91562920177951,True,200
Pendulum-v1,High,ppo-lagrangian,57,-124.09695583730829,True,200
Pendulum-v1,High,ppo-lagrangian,58,-125.58666000392354,True,200
Pendulum-v1,High,ppo-lagrangian,59,-776.5798350110938,True,200
Pendulum-v1,High,ppo-lagrangian,60,-121.1517621806856,True,200
Pendulum-v1,High,ppo-lagrangian,61,-127.71325318575097,True,200
Pendulum-v1,High,ppo-lagrangian,62,-649.8342013804295,True,200
Pendulum-v1,High,ppo-lagrangian,63,-648.3865301738064,True,200
Pendulum-v1,High,ppo-lagrangian,64,-247.5949669820674,True,200
Pendulum-v1,High,ppo-lagrangian,65,-251.89804506629412,True,200
Pendulum-v1,High,ppo-lagrangian,66,-239.82295399638969,True,200
Pendulum-v1,High,ppo-lagrangian,67,-126.86350626840394,True,200
Pendulum-v1,High,ppo-lagrangian,68,-0.12022057514757044,True,200
Pendulum-v1,High,ppo-lagrangian,69,-649.4089937708903,True,200
Pendulum-v1,High,ppo-lagrangian,70,-127.63426155171588,True,200
Pendulum-v1,High,ppo-lagrangian,71,-121.64289726009255,True,200
Pendulum-v1,High,ppo-lagrangian,72,-258.9361778686774,True,200
Pendulum-v1,High,ppo-lagrangian,73,-0.05606652526197841,True,200
Pendulum-v1,High,ppo-lagrangian,74,-244.47363973838264,True,200
Pendulum-v1,High,ppo-lagrangian,75,-117.44169988181392,True,200
Pendulum-v1,High,ppo-lagrangian,76,-116.42705265158844,True,200
Pendulum-v1,High,ppo-lagrangian,77,-121.60554779006698,True,200
Pendulum-v1,High,ppo-lagrangian,78,-2.24811963880863,True,200
Pendulum-v1,High,ppo-lagrangian,79,-271.77088819110304,True,200
Pendulum-v1,High,ppo-lagrangian,80,-126.57780702099735,True,200
Pendulum-v1,High,ppo-lagrangian,81,-127.59453424633722,True,200
Pendulum-v1,High,ppo-lagrangian,82,-351.6905529661416,True,200
Pendulum-v1,High,ppo-lagrangian,83,-120.73386734163505,True,200
Pendulum-v1,High,ppo-lagrangian,84,-119.18780439240928,True,200
Pendulum-v1,High,ppo-lagrangian,85,-252.52123388794217,True,200
Pendulum-v1,High,ppo-lagrangian,86,-649.4943556063953,True,200
Pendulum-v1,High,ppo-lagrangian,87,-648.2747885826979,True,200
Pendulum-v1,High,ppo-lagrangian,88,-124.46291519364976,True,200
Pendulum-v1,High,ppo-lagrangian,89,-648.5614669352309,True,200
Pendulum-v1,High,ppo-lagrangian,90,-126.81874146481194,True,200
Pendulum-v1,High,ppo-lagrangian,91,-125.51204596050157,True,200
Pendulum-v1,High,ppo-lagrangian,92,-649.900027712247,True,200
Pendulum-v1,High,ppo-lagrangian,93,-378.2869149057764,True,200
Pendulum-v1,High,ppo-lagrangian,94,-124.75359206129754,True,200
Pendulum-v1,High,ppo-lagrangian,95,-649.332839649479,True,200
Pendulum-v1,High,ppo-lagrangian,96,-120.70347521815721,True,200
Pendulum-v1,High,ppo-lagrangian,97,-124.84071794467576,True,200
Pendulum-v1,High,ppo-lagrangian,98,-235.83314460890873,True,200
Pendulum-v1,High,ppo-lagrangian,99,-0.015725753886407755,True,200
Pendulum-v1,High,ppo-lagrangian,100,-246.62052983893577,True,200
Pendulum-v1,High,ppo-lagrangian,101,-257.5343445818242,True,200
Pendulum-v1,High,ppo-lagrangian,102,-252.51007364303356,True,200
Pendulum-v1,High,ppo-lagrangian,103,-121.6930303067884,True,200
Pendulum-v1,High,ppo-lagrangian,104,-244.54714944474162,True,200
Pendulum-v1,High,ppo-lagrangian,105,-646.3186702808592,True,200
Pendulum-v1,High,ppo-lagrangian,106,-336.07868359178605,True,200
Pendulum-v1,High,ppo-lagrangian,107,-643.9051468214788,True,200
Pendulum-v1,High,ppo-lagrangian,108,-243.17551340391412,True,200
Pendulum-v1,High,ppo-lagrangian,109,-648.2294514373771,True,200
Pendulum-v1,High,ppo-lagrangian,110,-245.78023276960016,True,200
Pendulum-v1,High,ppo-lagrangian,111,-247.20408874922293,True,200
Pendulum-v1,High,ppo-lagrangian,112,-254.77877133587734,True,200
Pendulum-v1,High,ppo-lagrangian,113,-236.19417885137076,True,200
Pendulum-v1,High,ppo-lagrangian,114,-125.36734954591182,True,200
Pendulum-v1,High,ppo-lagrangian,115,-122.63605976408077,True,200
Pendulum-v1,High,ppo-lagrangian,116,-646.9221914016607,True,200
Pendulum-v1,High,ppo-lagrangian,117,-255.5963250374394,True,200
Pendulum-v1,High,ppo-lagrangian,118,-233.7542596264272,True,200
Pendulum-v1,High,ppo-lagrangian,119,-240.86798617979633,True,200
Pendulum-v1,High,ppo-lagrangian,120,-257.4338297953275,True,200
Pendulum-v1,High,ppo-lagrangian,121,-646.553811106627,True,200
Pendulum-v1,High,ppo-lagrangian,122,-255.6981175258506,True,200
Pendulum-v1,High,ppo-lagrangian,123,-127.02937367116579,True,200
Pendulum-v1,High,ppo-lagrangian,124,-118.80024052442269,True,200
Pendulum-v1,High,ppo-lagrangian,125,-246.2389892616254,True,200
Pendulum-v1,High,ppo-lagrangian,126,-343.1409310441259,True,200
Pendulum-v1,High,ppo-lagrangian,127,-237.43009789452452,True,200
Pendulum-v1,High,ppo-lagrangian,128,-126.261544741003,True,200
Pendulum-v1,High,ppo-lagrangian,129,-125.6351179041479,True,200
Pendulum-v1,High,ppo-lagrangian,130,-128.0372163241934,True,200
Pendulum-v1,High,ppo-lagrangian,131,-644.3867635272936,True,200
Pendulum-v1,High,ppo-lagrangian,132,-254.00761881382007,True,200
Pendulum-v1,High,ppo-lagrangian,133,-380.27886307207916,True,200
Pendulum-v1,High,ppo-lagrangian,134,-381.35219921418496,True,200
Pendulum-v1,High,ppo-lagrangian,135,-0.6925442145191222,True,200
Pendulum-v1,High,ppo-lagrangian,136,-237.9535286697317,True,200
Pendulum-v1,High,ppo-lagrangian,137,-251.16634298849434,True,200
Pendulum-v1,High,ppo-lagrangian,138,-649.042925903357,True,200
Pendulum-v1,High,ppo-lagrangian,139,-128.827397948945,True,200
Pendulum-v1,High,ppo-lagrangian,140,-124.72110067127831,True,200
Pendulum-v1,High,ppo-lagrangian,141,-118.71997055642586,True,200
Pendulum-v1,Low,ppo-lagrangian,42,-1125.9417802548955,False,200
Pendulum-v1,Low,ppo-lagrangian,43,-1037.9432235033773,False,200
Pendulum-v1,Low,ppo-lagrangian,44,-1138.6838825440748,False,200
Pendulum-v1,Low,ppo-lagrangian,45,-1145.7829410019583,False,200
Pendulum-v1,Low,ppo-lagrangian,46,-1196.2365612920967,False,200
Pendulum-v1,Low,ppo-lagrangian,47,-1013.5414322053103,False,200
Pendulum-v1,Low,ppo-lagrangian,48,-1052.8088260593781,False,200
Pendulum-v1,Low,ppo-lagrangian,49,-1040.7773289770491,False,200
Pendulum-v1,Low,ppo-lagrangian,50,-1125.1350420090114,False,200
Pendulum-v1,Low,ppo-lagrangian,51,-1390.2336629523145,False,200
Pendulum-v1,Low,ppo-lagrangian,52,-1081.440135353419,False,200
Pendulum-v1,Low,ppo-lagrangian,53,-1507.6554639431863,False,200
Pendulum-v1,Low,ppo-lagrangian,54,-1050.1931604937154,False,200
Pendulum-v1,Low,ppo-lagrangian,55,-1109.0998510631418,False,200
Pendulum-v1,Low,ppo-lagrangian,56,-1041.845918088075,False,200
Pendulum-v1,Low,ppo-lagrangian,57,-1042.1131181021383,False,200
Pendulum-v1,Low,ppo-lagrangian,58,-1057.3215867083873,False,200
Pendulum-v1,Low,ppo-lagrangian,59,-1154.4359790840667,False,200
Pendulum-v1,Low,ppo-lagrangian,60,-1113.1105687421384,False,200
Pendulum-v1,Low,ppo-lagrangian,61,-1047.2268954958545,False,200
Pendulum-v1,Low,ppo-lagrangian,62,-1113.1778813610485,False,200
Pendulum-v1,Low,ppo-lagrangian,63,-1172.7969924157262,False,200
Pendulum-v1,Low,ppo-lagrangian,64,-1390.903825255852,False,200
Pendulum-v1,Low,ppo-lagrangian,65,-1331.9509198210474,False,200
Pendulum-v1,Low,ppo-lagrangian,66,-1239.217754738209,False,200
Pendulum-v1,Low,ppo-lagrangian,67,-1076.4474813773681,False,200
Pendulum-v1,Low,ppo-lagrangian,68,-1084.1677299362925,False,200
Pendulum-v1,Low,ppo-lagrangian,69,-1140.1943053542366,False,200
Pendulum-v1,Low,ppo-lagrangian,70,-1048.6102900893818,False,200
Pendulum-v1,Low,ppo-lagrangian,71,-1095.9555968271525,False,200
Pendulum-v1,Low,ppo-lagrangian,72,-1120.7205055415104,False,200
Pendulum-v1,Low,ppo-lagrangian,73,-1051.6118843121556,False,200
Pendulum-v1,Low,ppo-lagrangian,74,-1220.0185456973911,False,200
Pendulum-v1,Low,ppo-lagrangian,75,-993.2382333131201,False,200
Pendulum-v1,Low,ppo-lagrangian,76,-1103.2355346864954,False,200
Pendulum-v1,Low,ppo-lagrangian,77,-1124.781443905547,False,200
Pendulum-v1,Low,ppo-lagrangian,78,-1054.7058256420328,False,200
Pendulum-v1,Low,ppo-lagrangian,79,-1253.9646997375835,False,200
Pendulum-v1,Low,ppo-lagrangian,80,-1014.6328053129549,False,200
Pendulum-v1,Low,ppo-lagrangian,81,-1071.3748299430533,False,200
Pendulum-v1,Low,ppo-lagrangian,82,-1497.6748046317052,False,200
Pendulum-v1,Low,ppo-lagrangian,83,-1115.527058037179,False,200
Pendulum-v1,Low,ppo-lagrangian,84,-1045.0534968543454,False,200
Pendulum-v1,Low,ppo-lagrangian,85,-1356.266735393873,False,200
Pendulum-v1,Low,ppo-lagrangian,86,-1069.4051256843104,False,200
Pendulum-v1,Low,ppo-lagrangian,87,-1155.8278464825,False,200
Pendulum-v1,Low,ppo-lagrangian,88,-1022.4401540464246,False,200
Pendulum-v1,Low,ppo-lagrangian,89,-1155.29306906312,False,200
Pendulum-v1,Low,ppo-lagrangian,90,-1046.0612041265506,False,200
Pendulum-v1,Low,ppo-lagrangian,91,-1026.1495906113798,False,200
Pendulum-v1,Low,ppo-lagrangian,92,-1089.0947159404116,False,200
Pendulum-v1,Low,ppo-lagrangian,93,-1754.849521897092,False,200
Pendulum-v1,Low,ppo-lagrangian,94,-1121.4086574131725,False,200
Pendulum-v1,Low,ppo-lagrangian,95,-1166.7623458219869,False,200
Pendulum-v1,Low,ppo-lagrangian,96,-1036.6262413039244,False,200
Pendulum-v1,Low,ppo-lagrangian,97,-1028.9146472344014,False,200
Pendulum-v1,Low,ppo-lagrangian,98,-1344.169659177175,False,200
Pendulum-v1,Low,ppo-lagrangian,99,-1075.5965695570853,False,200
Pendulum-v1,Low,ppo-lagrangian,100,-1116.195941903578,False,200
Pendulum-v1,Low,ppo-lagrangian,101,-1397.386385931375,False,200
Pendulum-v1,Low,ppo-lagrangian,102,-1112.7741692078941,False,200
Pendulum-v1,Low,ppo-lagrangian,103,-1094.0455680831976,False,200
Pendulum-v1,Low,ppo-lagrangian,104,-1117.795556477263,False,200
Pendulum-v1,Low,ppo-lagrangian,105,-1047.687688096362,False,200
Pendulum-v1,Low,ppo-lagrangian,106,-1429.4805755067737,False,200
Pendulum-v1,Low,ppo-lagrangian,107,-1039.2357649548894,False,200
Pendulum-v1,Low,ppo-lagrangian,108,-1107.5510059405697,False,200
Pendulum-v1,Low,ppo-lagrangian,109,-1164.714787185453,False,200
Pendulum-v1,Low,ppo-lagrangian,110,-1316.5301456099462,False,200
Pendulum-v1,Low,ppo-lagrangian,111,-1108.3417267228533,False,200
Pendulum-v1,Low,ppo-lagrangian,112,-1158.5406535691532,False,200
Pendulum-v1,Low,ppo-lagrangian,113,-1218.47169145378,False,200
Pendulum-v1,Low,ppo-lagrangian,114,-1026.7259132010183,False,200
Pendulum-v1,Low,ppo-lagrangian,115,-1104.0007789173917,False,200
Pendulum-v1,Low,ppo-lagrangian,116,-1124.0381090680373,False,200
Pendulum-v1,Low,ppo-lagrangian,117,-1112.64928102922,False,200
Pendulum-v1,Low,ppo-lagrangian,118,-1222.3973722141616,False,200
Pendulum-v1,Low,ppo-lagrangian,119,-1394.26822563764,False,200
Pendulum-v1,Low,ppo-lagrangian,120,-1121.0615435963582,False,200
Pendulum-v1,Low,ppo-lagrangian,121,-1031.886740111457,False,200
Pendulum-v1,Low,ppo-lagrangian,122,-1114.623537538943,False,200
Pendulum-v1,Low,ppo-lagrangian,123,-936.2832133014628,False,200
Pendulum-v1,Low,ppo-lagrangian,124,-1125.6156736506398,False,200
Pendulum-v1,Low,ppo-lagrangian,125,-1114.4180114309756,False,200
Pendulum-v1,Low,ppo-lagrangian,126,-1439.6636538862651,False,200
Pendulum-v1,Low,ppo-lagrangian,127,-1225.1008213856521,False,200
Pendulum-v1,Low,ppo-lagrangian,128,-1036.6114763840965,False,200
Pendulum-v1,Low,ppo-lagrangian,129,-1057.1002537578809,False,200
Pendulum-v1,Low,ppo-lagrangian,130,-1072.7138282293427,False,200
Pendulum-v1,Low,ppo-lagrangian,131,-1040.2293847384808,False,200
Pendulum-v1,Low,ppo-lagrangian,132,-1078.8786973787935,False,200
Pendulum-v1,Low,ppo-lagrangian,133,-1618.2274464925727,False,200
Pendulum-v1,Low,ppo-lagrangian,134,-1530.6151286403776,False,200
Pendulum-v1,Low,ppo-lagrangian,135,-1104.5559803575384,False,200
Pendulum-v1,Low,ppo-lagrangian,136,-1096.6517258711874,False,200
Pendulum-v1,Low,ppo-lagrangian,137,-1047.3431226420767,False,200
Pendulum-v1,Low,ppo-lagrangian,138,-1155.4909090576868,False,200
Pendulum-v1,Low,ppo-lagrangian,139,-1058.8706658737697,False,200
Pendulum-v1,Low,ppo-lagrangian,140,-1034.1899833957539,False,200
Pendulum-v1,Low,ppo-lagrangian,141,-1031.323006501377,False,200
Pendulum-v1,Mid,ppo-lagrangian,42,-120.54232052925188,True,200
Pendulum-v1,Mid,ppo-lagrangian,43,-777.8601722062205,False,200
Pendulum-v1,Mid,ppo-lagrangian,44,-240.99296959582645,True,200
Pendulum-v1,Mid,ppo-lagrangian,45,-777.2069545243742,False,200
Pendulum-v1,Mid,ppo-lagrangian,46,-260.2247100886931,True,200
Pendulum-v1,Mid,ppo-lagrangian,47,-119.55721005503386,True,200
Pendulum-v1,Mid,ppo-lagrangian,48,-125.55893221990125,True,200
Pendulum-v1,Mid,ppo-lagrangian,49,-124.4812284621079,True,200
Pendulum-v1,Mid,ppo-lagrangian,50,-116.78443311247985,True,200
Pendulum-v1,Mid,ppo-lagrangian,51,-263.33535227213036,True,200
Pendulum-v1,Mid,ppo-lagrangian,52,-784.0355185136167,False,200
Pendulum-v1,Mid,ppo-lagrangian,53,-353.58832077648884,True,200
Pendulum-v1,Mid,ppo-lagrangian,54,-122.04967175370355,True,200
Pendulum-v1,Mid,ppo-lagrangian,55,-116.34004787390836,True,200
Pendulum-v1,Mid,ppo-lagrangian,56,-126.06455232617574,True,200
Pendulum-v1,Mid,ppo-lagrangian,57,-772.2050696556744,False,200
Pendulum-v1,Mid,ppo-lagrangian,58,-124.97473272273547,True,200
Pendulum-v1,Mid,ppo-lagrangian,59,-788.8810515757651,False,200
Pendulum-v1,Mid,ppo-lagrangian,60,-120.72377399192577,True,200
Pendulum-v1,Mid,ppo-lagrangian,61,-126.34689587289009,True,200
Pendulum-v1,Mid,ppo-lagrangian,62,-851.77968543245,False,200
Pendulum-v1,Mid,ppo-lagrangian,63,-783.3604464294757,False,200
Pendulum-v1,Mid,ppo-lagrangian,64,-250.0703701400057,True,200
Pendulum-v1,Mid,ppo-lagrangian,65,-248.37432447189173,True,200
Pendulum-v1,Mid,ppo-lagrangian,66,-240.21291454430727,True,200
Pendulum-v1,Mid,ppo-lagrangian,67,-125.4054679487894,True,200
Pendulum-v1,Mid,ppo-lagrangian,68,-0.22657947736192,True,200
Pendulum-v1,Mid,ppo-lagrangian,69,-777.8382370070077,False,200
Pendulum-v1,Mid,ppo-lagrangian,70,-125.99951761292247,True,200
Pendulum-v1,Mid,ppo-lagrangian,71,-121.88278729948398,True,200
Pendulum-v1,Mid,ppo-lagrangian,72,-132.5148375185083,True,200
Pendulum-v1,Mid,ppo-lagrangian,73,-0.14717446980290771,True,200
Pendulum-v1,Mid,ppo-lagrangian,74,-242.97212284324067,True,200
Pendulum-v1,Mid,ppo-lagrangian,75,-118.09683382322883,True,200
Pendulum-v1,Mid,ppo-lagrangian,76,-114.68857963425211,True,200
Pendulum-v1,Mid,ppo-lagrangian,77,-119.30688964635317,True,200
Pendulum-v1,Mid,ppo-lagrangian,78,-2.2464062252630463,True,200
Pendulum-v1,Mid,ppo-lagrangian,79,-266.74918564905136,True,200
Pendulum-v1,Mid,ppo-lagrangian,80,-125.96179518882747,True,200
Pendulum-v1,Mid,ppo-lagrangian,81,-125.70412018697927,True,200
Pendulum-v1,Mid,ppo-lagrangian,82,-355.9593192407106,True,200
Pendulum-v1,Mid,ppo-lagrangian,83,-120.50286750464899,True,200
Pendulum-v1,Mid,ppo-lagrangian,84,-119.45661347135425,True,200
Pendulum-v1,Mid,ppo-lagrangian,85,-245.9812093968146,True,200
Pendulum-v1,Mid,ppo-lagrangian,86,-778.8129402969955,False,200
Pendulum-v1,Mid,ppo-lagrangian,87,-779.1224905746575,False,200
Pendulum-v1,Mid,ppo-lagrangian,88,-125.96689383925018,True,200
Pendulum-v1,Mid,ppo-lagrangian,89,-781.4260093895005,False,200
Pendulum-v1,Mid,ppo-lagrangian,90,-125.92538116064657,True,200
Pendulum-v1,Mid,ppo-lagrangian,91,-125.18898713597976,True,200
Pendulum-v1,Mid,ppo-lagrangian,92,-777.9220170244896,False,200
Pendulum-v1,Mid,ppo-lagrangian,93,-385.6064470256889,True,200
Pendulum-v1,Mid,ppo-lagrangian,94,-125.2467700043225,True,200
Pendulum-v1,Mid,ppo-lagrangian,95,-776.910504585659,False,200
Pendulum-v1,Mid,ppo-lagrangian,96,-120.16470270687411,True,200
Pendulum-v1,Mid,ppo-lagrangian,97,-775.6949646582871,False,200
Pendulum-v1,Mid,ppo-lagrangian,98,-237.5332196196445,True,200
Pendulum-v1,Mid,ppo-lagrangian,99,-0.11140815236621249,True,200
Pendulum-v1,Mid,ppo-lagrangian,100,-252.92330358460393,True,200
Pendulum-v1,Mid,ppo-lagrangian,101,-259.682446722222,True,200
Pendulum-v1,Mid,ppo-lagrangian,102,-774.3314061229718,False,200
Pendulum-v1,Mid,ppo-lagrangian,103,-120.6861708511115,True,200
Pendulum-v1,Mid,ppo-lagrangian,104,-245.0160336672604,True,200
Pendulum-v1,Mid,ppo-lagrangian,105,-891.2692966314488,False,200
Pendulum-v1,Mid,ppo-lagrangian,106,-330.251708165611,True,200
Pendulum-v1,Mid,ppo-lagrangian,107,-775.380091452448,False,200
Pendulum-v1,Mid,ppo-lagrangian,108,-241.89873473901662,True,200
Pendulum-v1,Mid,ppo-lagrangian,109,-776.6822332065622,False,200
Pendulum-v1,Mid,ppo-lagrangian,110,-247.18436730622804,True,200
Pendulum-v1,Mid,ppo-lagrangian,111,-786.2018245481758,False,200
Pendulum-v1,Mid,ppo-lagrangian,112,-256.14101013821596,True,200
Pendulum-v1,Mid,ppo-lagrangian,113,-233.84204007871847,True,200
Pendulum-v1,Mid,ppo-lagrangian,114,-124.65311647770505,True,200
Pendulum-v1,Mid,ppo-lagrangian,115,-768.8509311501767,False,200
Pendulum-v1,Mid,ppo-lagrangian,116,-779.5467962147864,False,200
Pendulum-v1,Mid,ppo-lagrangian,117,-252.48545341227234,True,200
Pendulum-v1,Mid,ppo-lagrangian,118,-234.39177701763938,True,200
Pendulum-v1,Mid,ppo-lagrangian,119,-870.9091104927824,False,200
Pendulum-v1,Mid,ppo-lagrangian,120,-255.01646002121475,True,200
Pendulum-v1,Mid,ppo-lagrangian,121,-781.1405173355507,False,200
Pendulum-v1,Mid,ppo-lagrangian,122,-126.43050187031851,True,200
Pendulum-v1,Mid,ppo-lagrangian,123,-773.9202840283282,False,200
Pendulum-v1,Mid,ppo-lagrangian,124,-117.21269823465587,True,200
Pendulum-v1,Mid,ppo-lagrangian,125,-244.78867298863443,True,200
Pendulum-v1,Mid,ppo-lagrangian,126,-346.21763037945124,True,200
Pendulum-v1,Mid,ppo-lagrangian,127,-234.7248931642136,True,200
Pendulum-v1,Mid,ppo-lagrangian,128,-776.6554573425959,False,200
Pendulum-v1,Mid,ppo-lagrangian,129,-123.8866026556589,True,200
Pendulum-v1,Mid,ppo-lagrangian,130,-126.38532196827913,True,200
Pendulum-v1,Mid,ppo-lagrangian,131,-780.7035555511425,False,200
Pendulum-v1,Mid,ppo-lagrangian,132,-257.7835103625135,True,200
Pendulum-v1,Mid,ppo-lagrangian,133,-774.5284216476921,False,200
Pendulum-v1,Mid,ppo-lagrangian,134,-897.8137899915463,False,200
Pendulum-v1,Mid,ppo-lagrangian,135,-0.7944469317907434,True,200
Pendulum-v1,Mid,ppo-lagrangian,136,-238.4200471629196,True,200
Pendulum-v1,Mid,ppo-lagrangian,137,-249.10908187609212,True,200
Pendulum-v1,Mid,ppo-lagrangian,138,-778.8141443848375,False,200
Pendulum-v1,Mid,ppo-lagrangian,139,-126.73903411671148,True,200
Pendulum-v1,Mid,ppo-lagrangian,140,-776.1520035904758,False,200
Pendulum-v1,Mid,ppo-lagrangian,141,-118.38835112080595,True,200
RobotNavigationConstSpeedCatch-v0,High,td3-lagrangian,42,41.73984678129271,True,166
RobotNavigationConstSpeedCatch-v0,High,td3-lagrangian,43,-2.617262680226979,True,130
RobotNavigationConstSpeedCatch-v0,High,td3-lagrangian,44,19.690474197767003,True,154
RobotNavigationConstSpeedCatch-v0,High,td3-lagrangian,45,44.49996561108883,True,115
RobotNavigationConstSpeedCatch-v0,High,td3-lagrangian,46,12.279613737422927,True,142
RobotNavigationConstSpeedCatch-v0,High,td3-lagrangian,47,26.46822801158147,True,147
RobotNavigationConstSpeedCatch-v0,High,td3-lagrangian,48,44.848560869213294,True,103
RobotNavigationConstSpeedCatch-v0,High,td3-lagrangian,49,42.01302308298272,True,103
RobotNavigationConstSpeedCatch-v0,High,td3-lagrangian,50,41.11295393150485,True,123
RobotNavigationConstSpeedCatch-v0,High,td3-lagrangian,51,28.46119885248909,True,148
RobotNavigationConstSpeedCatch-v0,High,td3-lagrangian,52,28.873769978225745,True,143
RobotNavigationConstSpeedCatch-v0,High,td3-lagrangian,53,39.962823602379515,True,129
RobotNavigationConstSpeedCatch-v0,High,td3-lagrangian,54,29.0076328744131,True,125
RobotNavigationConstSpeedCatch-v0,High,td3-lagrangian,55,11.784176640841459,True,131
RobotNavigationConstSpeedCatch-v0,High,td3-lagrangian,56,17.70623830318791,True,223
RobotNavigationConstSpeedCatch-v0,High,td3-lagrangian,57,48.20202559538647,True,114
RobotNavigationConstSpeedCatch-v0,High,td3-lagrangian,58,6.188666673011603,True,295
RobotNavigationConstSpeedCatch-v0,High,td3-lagrangian,59,23.605213351061415,True,125
RobotNavigationConstSpeedCatch-v0,High,td3-lagrangian,60,-4.791785947423186,True,187
RobotNavigationConstSpeedCatch-v0,High,td3-lagrangian,61,47.33976881628561,True,104
RobotNavigationConstSpeedCatch-v0,High,td3-lagrangian,62,37.26832093842394,True,134
RobotNavigationConstSpeedCatch-v0,High,td3-lagrangian,63,30.61059868145985,True,120
RobotNavigationConstSpeedCatch-v0,High,td3-lagrangian,64,25.372431962291756,True,126
RobotNavigationConstSpeedCatch-v0,High,td3-lagrangian,65,41.88765612749493,True,105
RobotNavigationConstSpeedCatch-v0,High,td3-lagrangian,66,9.606885984432068,True,121
RobotNavigationConstSpeedCatch-v0,High,td3-lagrangian,67,38.60477474777731,True,135
RobotNavigationConstSpeedCatch-v0,High,td3-lagrangian,68,46.38034344931472,True,127
RobotNavigationConstSpeedCatch-v0,High,td3-lagrangian,69,41.729782972787774,True,138
RobotNavigationConstSpeedCatch-v0,High,td3-lagrangian,70,34.034803299648814,True,156
RobotNavigationConstSpeedCatch-v0,High,td3-lagrangian,71,47.58335776610066,True,109
RobotNavigationConstSpeedCatch-v0,High,td3-lagrangian,72,21.432675470076898,True,179
RobotNavigationConstSpeedCatch-v0,High,td3-lagrangian,73,9.344847684552718,True,165
RobotNavigationConstSpeedCatch-v0,High,td3-lagrangian,74,44.13324906988245,True,118
RobotNavigationConstSpeedCatch-v0,High,td3-lagrangian,75,32.75603613014595,True,152
RobotNavigationConstSpeedCatch-v0,High,td3-lagrangian,76,45.856890642955925,True,125
RobotNavigationConstSpeedCatch-v0,High,td3-lagrangian,77,23.58675393769948,True,155
RobotNavigationConstSpeedCatch-v0,High,td3-lagrangian,78,45.8518293730998,True,112
RobotNavigationConstSpeedCatch-v0,High,td3-lagrangian,79,49.21690595062195,True,123
RobotNavigationConstSpeedCatch-v0,High,td3-lagrangian,80,-0.7033869508867099,True,149
RobotNavigationConstSpeedCatch-v0,High,td3-lagrangian,81,36.34158146734438,True,172
RobotNavigationConstSpeedCatch-v0,High,td3-lagrangian,82,19.490448807523066,True,153
RobotNavigationConstSpeedCatch-v0,High,td3-lagrangian,83,39.731979937220125,True,399
RobotNavigationConstSpeedCatch-v0,High,td3-lagrangian,84,46.61446537427848,True,124
RobotNavigationConstSpeedCatch-v0,High,td3-lagrangian,85,46.24187580709031,True,110
RobotNavigationConstSpeedCatch-v0,High,td3-lagrangian,86,38.64876865373385,True,129
RobotNavigationConstSpeedCatch-v0,High,td3-lagrangian,87,18.869007517173213,True,116
RobotNavigationConstSpeedCatch-v0,High,td3-lagrangian,88,48.961411980236846,True,98
RobotNavigationConstSpeedCatch-v0,High,td3-lagrangian,89,20.270967032856177,True,149
RobotNavigationConstSpeedCatch-v0,High,td3-lagrangian,90,38.51033199213705,True,130
RobotNavigationConstSpeedCatch-v0,High,td3-lagrangian,91,30.954687304305825,True,165
RobotNavigationConstSpeedCatch-v0,High,td3-lagrangian,92,40.89054833270002,True,117
RobotNavigationConstSpeedCatch-v0,High,td3-lagrangian,93,33.20763095436079,True,124
RobotNavigationConstSpeedCatch-v0,High,td3-lagrangian,94,23.349470058369032,True,173
RobotNavigationConstSpeedCatch-v0,High,td3-lagrangian,95,19.970884963776218,True,143
RobotNavigationConstSpeedCatch-v0,High,td3-lagrangian,96,37.89031433568417,True,128
RobotNavigationConstSpeedCatch-v0,High,td3-lagrangian,97,26.26000178897561,True,140
RobotNavigationConstSpeedCatch-v0,High,td3-lagrangian,98,13.36565516626883,True,133
RobotNavigationConstSpeedCatch-v0,High,td3-lagrangian,99,38.181360516969924,True,135
RobotNavigationConstSpeedCatch-v0,High,td3-lagrangian,100,13.759551605364258,True,129
RobotNavigationConstSpeedCatch-v0,High,td3-lagrangian,101,45.38563443858066,True,129
RobotNavigationConstSpeedCatch-v0,High,td3-lagrangian,102,42.309888185519675,True,136
RobotNavigationConstSpeedCatch-v0,High,td3-lagrangian,103,24.61009318191557,True,135
RobotNavigationConstSpeedCatch-v0,High,td3-lagrangian,104,20.019883875519728,True,153
RobotNavigationConstSpeedCatch-v0,High,td3-lagrangian,105,4.765496428101002,True,128
RobotNavigationConstSpeedCatch-v0,High,td3-lagrangian,106,18.131631663293984,True,231
RobotNavigationConstSpeedCatch-v0,High,td3-lagrangian,107,33.749396339261104,True,118
RobotNavigationConstSpeedCatch-v0,High,td3-lagrangian,108,24.44170278202088,True,119
RobotNavigationConstSpeedCatch-v0,High,td3-lagrangian,109,33.281854220372566,True,153
RobotNavigationConstSpeedCatch-v0,High,td3-lagrangian,110,43.8143844920871,True,123
RobotNavigationConstSpeedCatch-v0,High,td3-lagrangian,111,40.89264777264208,True,133
RobotNavigationConstSpeedCatch-v0,High,td3-lagrangian,112,21.035549963848304,True,157
RobotNavigationConstSpeedCatch-v0,High,td3-lagrangian,113,13.91448898376985,True,144
RobotNavigationConstSpeedCatch-v0,High,td3-lagrangian,114,19.213507281472936,True,145
RobotNavigationConstSpeedCatch-v0,High,td3-lagrangian,115,43.752096535630635,True,113
RobotNavigationConstSpeedCatch-v0,High,td3-lagrangian,116,47.17695211175423,True,135
RobotNavigationConstSpeedCatch-v0,High,td3-lagrangian,117,42.01505181969956,True,124
RobotNavigationConstSpeedCatch-v0,High,td3-lagrangian,118,8.309402797359489,True,153
RobotNavigationConstSpeedCatch-v0,High,td3-lagrangian,119,23.57270312354199,True,193
RobotNavigationConstSpeedCatch-v0,High,td3-lagrangian,120,9.31486437925438,True,128
RobotNavigationConstSpeedCatch-v0,High,td3-lagrangian,121,44.96781189405401,True,131
RobotNavigationConstSpeedCatch-v0,High,td3-lagrangian,122,34.22771248186535,True,134
RobotNavigationConstSpeedCatch-v0,High,td3-lagrangian,123,23.439199285788188,True,135
RobotNavigationConstSpeedCatch-v0,High,td3-lagrangian,124,45.38925498570333,True,131
RobotNavigationConstSpeedCatch-v0,High,td3-lagrangian,125,26.300144427705572,True,156
RobotNavigationConstSpeedCatch-v0,High,td3-lagrangian,126,31.593531398876408,True,147
RobotNavigationConstSpeedCatch-v0,High,td3-lagrangian,127,14.38189570150574,True,161
RobotNavigationConstSpeedCatch-v0,High,td3-lagrangian,128,41.28305117845807,True,117
RobotNavigationConstSpeedCatch-v0,High,td3-lagrangian,129,30.11552407558523,True,227
RobotNavigationConstSpeedCatch-v0,High,td3-lagrangian,130,23.18252392767657,True,144
RobotNavigationConstSpeedCatch-v0,High,td3-lagrangian,131,35.9708508262843,True,154
RobotNavigationConstSpeedCatch-v0,High,td3-lagrangian,132,49.43307895689669,True,105
RobotNavigationConstSpeedCatch-v0,High,td3-lagrangian,133,30.24556669033176,True,124
RobotNavigationConstSpeedCatch-v0,High,td3-lagrangian,134,32.36632241788678,True,133
RobotNavigationConstSpeedCatch-v0,High,td3-lagrangian,135,22.975617130438042,True,188
RobotNavigationConstSpeedCatch-v0,High,td3-lagrangian,136,27.307844752417182,True,106
RobotNavigationConstSpeedCatch-v0,High,td3-lagrangian,137,33.33145701755912,True,129
RobotNavigationConstSpeedCatch-v0,High,td3-lagrangian,138,45.6186934627973,True,116
RobotNavigationConstSpeedCatch-v0,High,td3-lagrangian,139,24.035340938192245,True,144
RobotNavigationConstSpeedCatch-v0,High,td3-lagrangian,140,36.52454803352557,True,124
RobotNavigationConstSpeedCatch-v0,High,td3-lagrangian,141,-31.808716525160897,False,1000
RobotNavigationConstSpeedCatch-v0,Low,td3-lagrangian,42,-185.77256108820663,True,271
RobotNavigationConstSpeedCatch-v0,Low,td3-lagrangian,43,-43.61915840757606,False,1000
RobotNavigationConstSpeedCatch-v0,Low,td3-lagrangian,44,-1044.618893413329,False,1000
RobotNavigationConstSpeedCatch-v0,Low,td3-lagrangian,45,41.88349677817975,True,247
RobotNavigationConstSpeedCatch-v0,Low,td3-lagrangian,46,-949.5179270662069,False,1000
RobotNavigationConstSpeedCatch-v0,Low,td3-lagrangian,47,-226.87062981662604,True,258
RobotNavigationConstSpeedCatch-v0,Low,td3-lagrangian,48,45.24617431461457,True,207
RobotNavigationConstSpeedCatch-v0,Low,td3-lagrangian,49,42.395891122476755,True,203
RobotNavigationConstSpeedCatch-v0,Low,td3-lagrangian,50,39.889519771737916,True,235
RobotNavigationConstSpeedCatch-v0,Low,td3-lagrangian,51,-56.71745871546441,True,117
RobotNavigationConstSpeedCatch-v0,Low,td3-lagrangian,52,-140.88602770384728,True,193
RobotNavigationConstSpeedCatch-v0,Low,td3-lagrangian,53,39.143973227713545,False,1000
RobotNavigationConstSpeedCatch-v0,Low,td3-lagrangian,54,28.139391433016293,True,176
RobotNavigationConstSpeedCatch-v0,Low,td3-lagrangian,55,-70.88765573336302,True,150
RobotNavigationConstSpeedCatch-v0,Low,td3-lagrangian,56,-1088.0449891992205,False,1000
RobotNavigationConstSpeedCatch-v0,Low,td3-lagrangian,57,-96.43494546403458,True,164
RobotNavigationConstSpeedCatch-v0,Low,td3-lagrangian,58,-130.9217530809686,True,173
RobotNavigationConstSpeedCatch-v0,Low,td3-lagrangian,59,-75.84466404673871,True,155
RobotNavigationConstSpeedCatch-v0,Low,td3-lagrangian,60,-881.1648456280096,False,1000
RobotNavigationConstSpeedCatch-v0,Low,td3-lagrangian,61,47.3351914489329,True,215
RobotNavigationConstSpeedCatch-v0,Low,td3-lagrangian,62,-147.00118350562929,True,218
RobotNavigationConstSpeedCatch-v0,Low,td3-lagrangian,63,-80.01858131140851,True,192
RobotNavigationConstSpeedCatch-v0,Low,td3-lagrangian,64,-69.09481275232376,True,140
RobotNavigationConstSpeedCatch-v0,Low,td3-lagrangian,65,-130.65362197064033,True,201
RobotNavigationConstSpeedCatch-v0,Low,td3-lagrangian,66,-54.50595132665098,True,139
RobotNavigationConstSpeedCatch-v0,Low,td3-lagrangian,67,-788.2287283593648,False,1000
RobotNavigationConstSpeedCatch-v0,Low,td3-lagrangian,68,-219.4410615025078,True,256
RobotNavigationConstSpeedCatch-v0,Low,td3-lagrangian,69,32.93208638109423,False,1000
RobotNavigationConstSpeedCatch-v0,Low,td3-lagrangian,70,21.05968892170595,True,250
RobotNavigationConstSpeedCatch-v0,Low,td3-lagrangian,71,-153.31658241671448,True,252
RobotNavigationConstSpeedCatch-v0,Low,td3-lagrangian,72,-9.091560690240804,False,1000
RobotNavigationConstSpeedCatch-v0,Low,td3-lagrangian,73,-1008.1462802334371,False,1000
RobotNavigationConstSpeedCatch-v0,Low,td3-lagrangian,74,43.15876538588668,True,246
RobotNavigationConstSpeedCatch-v0,Low,td3-lagrangian,75,-239.8171872817028,True,296
RobotNavigationConstSpeedCatch-v0,Low,td3-lagrangian,76,-157.39292878864882,True,246
RobotNavigationConstSpeedCatch-v0,Low,td3-lagrangian,77,-53.796312997490695,True,110
RobotNavigationConstSpeedCatch-v0,Low,td3-lagrangian,78,46.14670069152817,True,229
RobotNavigationConstSpeedCatch-v0,Low,td3-lagrangian,79,49.21926299696572,True,171
RobotNavigationConstSpeedCatch-v0,Low,td3-lagrangian,80,-960.8201713312251,False,1000
RobotNavigationConstSpeedCatch-v0,Low,td3-lagrangian,81,-288.4800291429743,True,328
RobotNavigationConstSpeedCatch-v0,Low,td3-lagrangian,82,18.16459380304333,True,212
RobotNavigationConstSpeedCatch-v0,Low,td3-lagrangian,83,19.493644568851717,True,206
RobotNavigationConstSpeedCatch-v0,Low,td3-lagrangian,84,46.97763361933787,False,1000
RobotNavigationConstSpeedCatch-v0,Low,td3-lagrangian,85,-1042.7295389520073,False,1000
RobotNavigationConstSpeedCatch-v0,Low,td3-lagrangian,86,28.85022071881398,True,190
RobotNavigationConstSpeedCatch-v0,Low,td3-lagrangian,87,-62.437022389344605,True,136
RobotNavigationConstSpeedCatch-v0,Low,td3-lagrangian,88,49.19854733354752,True,220
RobotNavigationConstSpeedCatch-v0,Low,td3-lagrangian,89,-192.0155968073912,True,235
RobotNavigationConstSpeedCatch-v0,Low,td3-lagrangian,90,-60.9411230686364,True,152
RobotNavigationConstSpeedCatch-v0,Low,td3-lagrangian,91,-204.55356671337188,True,237
RobotNavigationConstSpeedCatch-v0,Low,td3-lagrangian,92,39.45697467898031,True,115
RobotNavigationConstSpeedCatch-v0,Low,td3-lagrangian,93,31.681516552150768,True,165
RobotNavigationConstSpeedCatch-v0,Low,td3-lagrangian,94,-348.535539539754,True,319
RobotNavigationConstSpeedCatch-v0,Low,td3-lagrangian,95,-87.46786692992521,True,178
RobotNavigationConstSpeedCatch-v0,Low,td3-lagrangian,96,9.34856918351349,True,153
RobotNavigationConstSpeedCatch-v0,Low,td3-lagrangian,97,-784.0367205935543,False,1000
RobotNavigationConstSpeedCatch-v0,Low,td3-lagrangian,98,-133.1477236298163,True,203
RobotNavigationConstSpeedCatch-v0,Low,td3-lagrangian,99,-138.85461766096284,True,260
RobotNavigationConstSpeedCatch-v0,Low,td3-lagrangian,100,-52.16979767591346,True,113
RobotNavigationConstSpeedCatch-v0,Low,td3-lagrangian,101,-278.60178478301293,True,312
RobotNavigationConstSpeedCatch-v0,Low,td3-lagrangian,102,-171.49558322363654,True,210
RobotNavigationConstSpeedCatch-v0,Low,td3-lagrangian,103,22.853428362291893,True,257
RobotNavigationConstSpeedCatch-v0,Low,td3-lagrangian,104,-95.7847074108395,True,149
RobotNavigationConstSpeedCatch-v0,Low,td3-lagrangian,105,-94.07302203664186,True,177
RobotNavigationConstSpeedCatch-v0,Low,td3-lagrangian,106,9.618006151474646,True,141
RobotNavigationConstSpeedCatch-v0,Low,td3-lagrangian,107,-94.043450831289,True,209
RobotNavigationConstSpeedCatch-v0,Low,td3-lagrangian,108,-70.02371255711022,True,146
RobotNavigationConstSpeedCatch-v0,Low,td3-lagrangian,109,-168.96383502073368,True,220
RobotNavigationConstSpeedCatch-v0,Low,td3-lagrangian,110,-120.80824508728308,True,253
RobotNavigationConstSpeedCatch-v0,Low,td3-lagrangian,111,-174.6680083917448,True,317
RobotNavigationConstSpeedCatch-v0,Low,td3-lagrangian,112,-318.959715520652,True,305
RobotNavigationConstSpeedCatch-v0,Low,td3-lagrangian,113,-961.7275170938216,False,1000
RobotNavigationConstSpeedCatch-v0,Low,td3-lagrangian,114,-921.3710781492466,False,1000
RobotNavigationConstSpeedCatch-v0,Low,td3-lagrangian,115,43.288480778080576,True,230
RobotNavigationConstSpeedCatch-v0,Low,td3-lagrangian,116,-8.043832017393655,False,1000
RobotNavigationConstSpeedCatch-v0,Low,td3-lagrangian,117,-148.54548911485958,True,308
RobotNavigationConstSpeedCatch-v0,Low,td3-lagrangian,118,-113.74059809703711,True,189
RobotNavigationConstSpeedCatch-v0,Low,td3-lagrangian,119,-219.74447258141947,True,250
RobotNavigationConstSpeedCatch-v0,Low,td3-lagrangian,120,-93.54646803962626,True,192
RobotNavigationConstSpeedCatch-v0,Low,td3-lagrangian,121,-279.3135718917018,True,352
RobotNavigationConstSpeedCatch-v0,Low,td3-lagrangian,122,-57.53312630092655,True,115
RobotNavigationConstSpeedCatch-v0,Low,td3-lagrangian,123,21.194519074381958,True,145
RobotNavigationConstSpeedCatch-v0,Low,td3-lagrangian,124,43.69492752172193,False,1000
RobotNavigationConstSpeedCatch-v0,Low,td3-lagrangian,125,-60.69090802076247,True,111
RobotNavigationConstSpeedCatch-v0,Low,td3-lagrangian,126,32.77207381806818,True,209
RobotNavigationConstSpeedCatch-v0,Low,td3-lagrangian,127,-1093.5234038210358,False,1000
RobotNavigationConstSpeedCatch-v0,Low,td3-lagrangian,128,-38.191814034112134,True,127
RobotNavigationConstSpeedCatch-v0,Low,td3-lagrangian,129,-310.5384964448211,True,350
RobotNavigationConstSpeedCatch-v0,Low,td3-lagrangian,130,-535.317555864869,False,1000
RobotNavigationConstSpeedCatch-v0,Low,td3-lagrangian,131,-201.1902012034186,True,240
RobotNavigationConstSpeedCatch-v0,Low,td3-lagrangian,132,49.18887723102953,False,1000
RobotNavigationConstSpeedCatch-v0,Low,td3-lagrangian,133,26.57139264790033,True,151
RobotNavigationConstSpeedCatch-v0,Low,td3-lagrangian,134,-109.1963328768467,True,235
RobotNavigationConstSpeedCatch-v0,Low,td3-lagrangian,135,-256.6018910647595,True,328
RobotNavigationConstSpeedCatch-v0,Low,td3-lagrangian,136,-32.11950168439563,True,113
RobotNavigationConstSpeedCatch-v0,Low,td3-lagrangian,137,32.21512711330794,True,218
RobotNavigationConstSpeedCatch-v0,Low,td3-lagrangian,138,45.42552345209118,True,245
RobotNavigationConstSpeedCatch-v0,Low,td3-lagrangian,139,-90.75941422725208,True,140
RobotNavigationConstSpeedCatch-v0,Low,td3-lagrangian,140,-76.61317901895512,True,140
RobotNavigationConstSpeedCatch-v0,Low,td3-lagrangian,141,-103.3638272644839,True,131
RobotNavigationConstSpeedCatch-v0,Mid,td3-lagrangian,42,-66.67594466587948,True,142
RobotNavigationConstSpeedCatch-v0,Mid,td3-lagrangian,43,-2.5983117175475314,True,124
RobotNavigationConstSpeedCatch-v0,Mid,td3-lagrangian,44,20.766744991530267,True,153
RobotNavigationConstSpeedCatch-v0,Mid,td3-lagrangian,45,44.3948373322239,True,120
RobotNavigationConstSpeedCatch-v0,Mid,td3-lagrangian,46,11.83688461012509,True,193
RobotNavigationConstSpeedCatch-v0,Mid,td3-lagrangian,47,26.01645446306289,True,154
RobotNavigationConstSpeedCatch-v0,Mid,td3-lagrangian,48,45.32007276361641,True,106
RobotNavigationConstSpeedCatch-v0,Mid,td3-lagrangian,49,42.05931054473175,True,347
RobotNavigationConstSpeedCatch-v0,Mid,td3-lagrangian,50,40.7686931655555,True,130
RobotNavigationConstSpeedCatch-v0,Mid,td3-lagrangian,51,29.423297337085565,True,140
RobotNavigationConstSpeedCatch-v0,Mid,td3-lagrangian,52,28.742144502760308,True,144
RobotNavigationConstSpeedCatch-v0,Mid,td3-lagrangian,53,40.17879829012376,True,123
RobotNavigationConstSpeedCatch-v0,Mid,td3-lagrangian,54,28.915119754898033,True,123
RobotNavigationConstSpeedCatch-v0,Mid,td3-lagrangian,55,12.998828443942863,True,129
RobotNavigationConstSpeedCatch-v0,Mid,td3-lagrangian,56,-93.21537111708317,True,169
RobotNavigationConstSpeedCatch-v0,Mid,td3-lagrangian,57,48.24386738080202,True,117
RobotNavigationConstSpeedCatch-v0,Mid,td3-lagrangian,58,5.851075891573835,False,1000
RobotNavigationConstSpeedCatch-v0,Mid,td3-lagrangian,59,23.462057902499442,True,123
RobotNavigationConstSpeedCatch-v0,Mid,td3-lagrangian,60,-97.48948632547501,True,178
RobotNavigationConstSpeedCatch-v0,Mid,td3-lagrangian,61,47.1181596816261,True,111
RobotNavigationConstSpeedCatch-v0,Mid,td3-lagrangian,62,37.15715717480727,True,133
RobotNavigationConstSpeedCatch-v0,Mid,td3-lagrangian,63,30.817520637432075,True,370
RobotNavigationConstSpeedCatch-v0,Mid,td3-lagrangian,64,25.338019786167653,True,125
RobotNavigationConstSpeedCatch-v0,Mid,td3-lagrangian,65,41.523383932893715,True,108
RobotNavigationConstSpeedCatch-v0,Mid,td3-lagrangian,66,10.057029882454657,True,116
RobotNavigationConstSpeedCatch-v0,Mid,td3-lagrangian,67,37.698663797043835,True,118
RobotNavigationConstSpeedCatch-v0,Mid,td3-lagrangian,68,46.870524641045115,True,122
RobotNavigationConstSpeedCatch-v0,Mid,td3-lagrangian,69,42.30015174946346,True,143
RobotNavigationConstSpeedCatch-v0,Mid,td3-lagrangian,70,34.52623357512104,True,133
RobotNavigationConstSpeedCatch-v0,Mid,td3-lagrangian,71,47.354733763437885,True,112
RobotNavigationConstSpeedCatch-v0,Mid,td3-lagrangian,72,19.849099220644597,True,252
RobotNavigationConstSpeedCatch-v0,Mid,td3-lagrangian,73,7.883460498599199,True,159
RobotNavigationConstSpeedCatch-v0,Mid,td3-lagrangian,74,44.252866555553425,True,121
RobotNavigationConstSpeedCatch-v0,Mid,td3-lagrangian,75,32.760210763192646,True,147
RobotNavigationConstSpeedCatch-v0,Mid,td3-lagrangian,76,45.30362048291339,True,130
RobotNavigationConstSpeedCatch-v0,Mid,td3-lagrangian,77,22.140717144485254,True,201
RobotNavigationConstSpeedCatch-v0,Mid,td3-lagrangian,78,45.51911591515767,True,118
RobotNavigationConstSpeedCatch-v0,Mid,td3-lagrangian,79,-81.52741962543945,True,122
RobotNavigationConstSpeedCatch-v0,Mid,td3-lagrangian,80,-0.40837445576125475,True,147
RobotNavigationConstSpeedCatch-v0,Mid,td3-lagrangian,81,-81.00058456617838,True,143
RobotNavigationConstSpeedCatch-v0,Mid,td3-lagrangian,82,20.50308979581408,True,140
RobotNavigationConstSpeedCatch-v0,Mid,td3-lagrangian,83,39.413455272600615,True,368
RobotNavigationConstSpeedCatch-v0,Mid,td3-lagrangian,84,45.31686511862909,True,130
RobotNavigationConstSpeedCatch-v0,Mid,td3-lagrangian,85,46.2051541708964,True,276
RobotNavigationConstSpeedCatch-v0,Mid,td3-lagrangian,86,38.69591671339223,True,382
RobotNavigationConstSpeedCatch-v0,Mid,td3-lagrangian,87,19.701789502919517,True,112
RobotNavigationConstSpeedCatch-v0,Mid,td3-lagrangian,88,49.17814428865656,True,103
RobotNavigationConstSpeedCatch-v0,Mid,td3-lagrangian,89,19.50252441818454,True,157
RobotNavigationConstSpeedCatch-v0,Mid,td3-lagrangian,90,39.10723735721094,True,289
RobotNavigationConstSpeedCatch-v0,Mid,td3-lagrangian,91,30.737680154625316,True,154
RobotNavigationConstSpeedCatch-v0,Mid,td3-lagrangian,92,40.93278210372347,True,122
RobotNavigationConstSpeedCatch-v0,Mid,td3-lagrangian,93,32.941529788352526,True,348
RobotNavigationConstSpeedCatch-v0,Mid,td3-lagrangian,94,-214.7688524969713,True,395
RobotNavigationConstSpeedCatch-v0,Mid,td3-lagrangian,95,21.55373813178235,True,121
RobotNavigationConstSpeedCatch-v0,Mid,td3-lagrangian,96,38.880813671716,True,344
RobotNavigationConstSpeedCatch-v0,Mid,td3-lagrangian,97,26.95193449735873,True,142
RobotNavigationConstSpeedCatch-v0,Mid,td3-lagrangian,98,13.36980346066327,True,133
RobotNavigationConstSpeedCatch-v0,Mid,td3-lagrangian,99,38.38093581273601,True,138
RobotNavigationConstSpeedCatch-v0,Mid,td3-lagrangian,100,20.598257130193282,True,129
RobotNavigationConstSpeedCatch-v0,Mid,td3-lagrangian,101,44.8783476818539,True,130
RobotNavigationConstSpeedCatch-v0,Mid,td3-lagrangian,102,21.11919372516138,False,1000
RobotNavigationConstSpeedCatch-v0,Mid,td3-lagrangian,103,24.869013218419216,True,137
RobotNavigationConstSpeedCatch-v0,Mid,td3-lagrangian,104,19.49714964340882,True,150
RobotNavigationConstSpeedCatch-v0,Mid,td3-lagrangian,105,-52.55557214264688,True,125
RobotNavigationConstSpeedCatch-v0,Mid,td3-lagrangian,106,-44.2972979411874,True,126
RobotNavigationConstSpeedCatch-v0,Mid,td3-lagrangian,107,34.068926510932144,True,335
RobotNavigationConstSpeedCatch-v0,Mid,td3-lagrangian,108,24.39348617300095,True,121
RobotNavigationConstSpeedCatch-v0,Mid,td3-lagrangian,109,33.23565409501073,True,150
RobotNavigationConstSpeedCatch-v0,Mid,td3-lagrangian,110,44.64406962667431,True,125
RobotNavigationConstSpeedCatch-v0,Mid,td3-lagrangian,111,40.8337456656878,True,122
RobotNavigationConstSpeedCatch-v0,Mid,td3-lagrangian,112,20.7055964425554,True,165
RobotNavigationConstSpeedCatch-v0,Mid,td3-lagrangian,113,13.944394963744337,True,134
RobotNavigationConstSpeedCatch-v0,Mid,td3-lagrangian,114,19.668795492853842,True,147
RobotNavigationConstSpeedCatch-v0,Mid,td3-lagrangian,115,43.49523815814464,True,118
RobotNavigationConstSpeedCatch-v0,Mid,td3-lagrangian,116,-62.60078704000043,True,122
RobotNavigationConstSpeedCatch-v0,Mid,td3-lagrangian,117,42.06643751967652,True,124
RobotNavigationConstSpeedCatch-v0,Mid,td3-lagrangian,118,9.045173461348085,True,139
RobotNavigationConstSpeedCatch-v0,Mid,td3-lagrangian,119,24.10401892751203,False,1000
RobotNavigationConstSpeedCatch-v0,Mid,td3-lagrangian,120,7.562132206804392,True,125
RobotNavigationConstSpeedCatch-v0,Mid,td3-lagrangian,121,44.861470764586485,True,119
RobotNavigationConstSpeedCatch-v0,Mid,td3-lagrangian,122,34.25482547654357,True,126
RobotNavigationConstSpeedCatch-v0,Mid,td3-lagrangian,123,-41.74454131558791,True,119
RobotNavigationConstSpeedCatch-v0,Mid,td3-lagrangian,124,45.058363078313334,True,132
RobotNavigationConstSpeedCatch-v0,Mid,td3-lagrangian,125,25.18020596625432,True,149
RobotNavigationConstSpeedCatch-v0,Mid,td3-lagrangian,126,32.09532590689301,True,126
RobotNavigationConstSpeedCatch-v0,Mid,td3-lagrangian,127,-68.39817819053329,True,142
RobotNavigationConstSpeedCatch-v0,Mid,td3-lagrangian,128,41.597966892785834,True,115
RobotNavigationConstSpeedCatch-v0,Mid,td3-lagrangian,129,-86.51034725753077,True,125
RobotNavigationConstSpeedCatch-v0,Mid,td3-lagrangian,130,22.30101159378788,True,145
RobotNavigationConstSpeedCatch-v0,Mid,td3-lagrangian,131,-112.09422422873826,True,263
RobotNavigationConstSpeedCatch-v0,Mid,td3-lagrangian,132,49.428700736638696,True,106
RobotNavigationConstSpeedCatch-v0,Mid,td3-lagrangian,133,30.425419853274427,True,252
RobotNavigationConstSpeedCatch-v0,Mid,td3-lagrangian,134,32.09328564063221,True,142
RobotNavigationConstSpeedCatch-v0,Mid,td3-lagrangian,135,-86.31654666357245,True,129
RobotNavigationConstSpeedCatch-v0,Mid,td3-lagrangian,136,26.6185053439676,True,105
RobotNavigationConstSpeedCatch-v0,Mid,td3-lagrangian,137,33.50940992376694,True,124
RobotNavigationConstSpeedCatch-v0,Mid,td3-lagrangian,138,45.26922509384823,True,119
RobotNavigationConstSpeedCatch-v0,Mid,td3-lagrangian,139,23.240308129055347,False,1000
RobotNavigationConstSpeedCatch-v0,Mid,td3-lagrangian,140,36.80566728155121,True,128
RobotNavigationConstSpeedCatch-v0,Mid,td3-lagrangian,141,-32.9498876665085,False,1000
UnderwaterDrone-v0,High,td3-lagrangian,42,-506.75919106163036,True,1500
UnderwaterDrone-v0,High,td3-lagrangian,43,-693.7394383980183,True,1500
UnderwaterDrone-v0,High,td3-lagrangian,44,-533.5539110304842,True,1500
UnderwaterDrone-v0,High,td3-lagrangian,45,-387.9607028083865,True,1500
UnderwaterDrone-v0,High,td3-lagrangian,46,-370.5791722151308,True,1500
UnderwaterDrone-v0,High,td3-lagrangian,47,-778.200114140501,True,1500
UnderwaterDrone-v0,High,td3-lagrangian,48,-795.3946824166777,True,1500
UnderwaterDrone-v0,High,td3-lagrangian,49,-632.9194119763439,True,1500
UnderwaterDrone-v0,High,td3-lagrangian,50,-529.7646486392513,True,1500
UnderwaterDrone-v0,High,td3-lagrangian,51,-564.9894949473158,True,1500
UnderwaterDrone-v0,High,td3-lagrangian,52,-619.7401695680825,True,1500
UnderwaterDrone-v0,High,td3-lagrangian,53,-361.0801882732775,True,1500
UnderwaterDrone-v0,High,td3-lagrangian,54,-589.8891079342241,True,1500
UnderwaterDrone-v0,High,td3-lagrangian,55,-783.2396595999072,True,1500
UnderwaterDrone-v0,High,td3-lagrangian,56,-464.44308323729615,True,1500
UnderwaterDrone-v0,High,td3-lagrangian,57,-791.4061422961854,True,1500
UnderwaterDrone-v0,High,td3-lagrangian,58,-672.7038619102603,True,1500
UnderwaterDrone-v0,High,td3-lagrangian,59,-485.2068835873044,True,1500
UnderwaterDrone-v0,High,td3-lagrangian,60,-613.0611005606668,True,1500
UnderwaterDrone-v0,High,td3-lagrangian,61,-422.7484715706877,True,1500
UnderwaterDrone-v0,High,td3-lagrangian,62,-786.95818427418,True,1500
UnderwaterDrone-v0,High,td3-lagrangian,63,-486.5337908374953,True,1500
UnderwaterDrone-v0,High,td3-lagrangian,64,-595.8023050549396,True,1500
UnderwaterDrone-v0,High,td3-lagrangian,65,-786.8856613533836,True,1500
UnderwaterDrone-v0,High,td3-lagrangian,66,-833.4399506817218,True,1500
UnderwaterDrone-v0,High,td3-lagrangian,67,-496.0294092454156,True,1500
UnderwaterDrone-v0,High,td3-lagrangian,68,-802.9387860670232,True,1500
UnderwaterDrone-v0,High,td3-lagrangian,69,-512.4602217804348,True,1500
UnderwaterDrone-v0,High,td3-lagrangian,70,-314.07973155727245,True,1500
UnderwaterDrone-v0,High,td3-lagrangian,71,-752.043351087457,True,1500
UnderwaterDrone-v0,High,td3-lagrangian,72,-714.1748349248955,True,1500
UnderwaterDrone-v0,High,td3-lagrangian,73,-394.74271579507354,True,1500
UnderwaterDrone-v0,High,td3-lagrangian,74,-650.3315754427949,True,1500
UnderwaterDrone-v0,High,td3-lagrangian,75,-495.3710612185089,True,1500
UnderwaterDrone-v0,High,td3-lagrangian,76,-573.5170768606064,True,1500
UnderwaterDrone-v0,High,td3-lagrangian,77,-396.1075000020197,True,1500
UnderwaterDrone-v0,High,td3-lagrangian,78,-686.1699887410088,True,1500
UnderwaterDrone-v0,High,td3-lagrangian,79,-635.3827212091794,True,1500
UnderwaterDrone-v0,High,td3-lagrangian,80,-405.3921437379037,True,1500
UnderwaterDrone-v0,High,td3-lagrangian,81,-601.3789862039248,True,1500
UnderwaterDrone-v0,High,td3-lagrangian,82,-541.9963002281131,True,1500
UnderwaterDrone-v0,High,td3-lagrangian,83,-559.3866910105471,True,1500
UnderwaterDrone-v0,High,td3-lagrangian,84,-713.0454271661755,True,1500
UnderwaterDrone-v0,High,td3-lagrangian,85,-412.903261103468,True,1500
UnderwaterDrone-v0,High,td3-lagrangian,86,-628.6209507528005,True,1500
UnderwaterDrone-v0,High,td3-lagrangian,87,-537.3685471774272,True,1500
UnderwaterDrone-v0,High,td3-lagrangian,88,-356.98499584023295,True,1500
UnderwaterDrone-v0,High,td3-lagrangian,89,-641.3308077736388,True,1500
UnderwaterDrone-v0,High,td3-lagrangian,90,-935.7534476302243,True,1500
UnderwaterDrone-v0,High,td3-lagrangian,91,-717.7533080906644,True,1500
UnderwaterDrone-v0,High,td3-lagrangian,92,-367.58956385023447,True,1500
UnderwaterDrone-v0,High,td3-lagrangian,93,-339.47886720378847,True,1500
UnderwaterDrone-v0,High,td3-lagrangian,94,-365.66731597938343,True,1500
UnderwaterDrone-v0,High,td3-lagrangian,95,-722.0424869494797,True,1500
UnderwaterDrone-v0,High,td3-lagrangian,96,-595.426850543793,True,1500
UnderwaterDrone-v0,High,td3-lagrangian,97,-251.98465029878534,True,1500
UnderwaterDrone-v0,High,td3-lagrangian,98,-364.92621287929285,True,1500
UnderwaterDrone-v0,High,td3-lagrangian,99,-723.965980182415,True,1500
UnderwaterDrone-v0,High,td3-lagrangian,100,-538.8260339961037,True,1500
UnderwaterDrone-v0,High,td3-lagrangian,101,-484.32855372345193,True,1500
UnderwaterDrone-v0,High,td3-lagrangian,102,-347.66614332578445,True,1500
UnderwaterDrone-v0,High,td3-lagrangian,103,-527.989379335009,True,1500
UnderwaterDrone-v0,High,td3-lagrangian,104,-836.2730790314956,True,1500
UnderwaterDrone-v0,High,td3-lagrangian,105,-827.1639431755165,True,1500
UnderwaterDrone-v0,High,td3-lagrangian,106,-788.6198505519518,True,1500
UnderwaterDrone-v0,High,td3-lagrangian,107,-662.2622399336041,True,1500
UnderwaterDrone-v0,High,td3-lagrangian,108,-807.6865163275831,True,1500
UnderwaterDrone-v0,High,td3-lagrangian,109,-751.2880761335173,True,1500
UnderwaterDrone-v0,High,td3-lagrangian,110,-650.8265218374188,True,1500
UnderwaterDrone-v0,High,td3-lagrangian,111,-519.6211199393099,True,1500
UnderwaterDrone-v0,High,td3-lagrangian,112,-657.3642320522018,True,1500
UnderwaterDrone-v0,High,td3-lagrangian,113,-584.9948216232584,True,1500
UnderwaterDrone-v0,High,td3-lagrangian,114,-687.7031491626753,True,1500
UnderwaterDrone-v0,High,td3-lagrangian,115,-627.7840879902052,True,1500
UnderwaterDrone-v0,High,td3-lagrangian,116,-775.1669479973233,True,1500
UnderwaterDrone-v0,High,td3-lagrangian,117,-552.6414914749316,True,1500
UnderwaterDrone-v0,High,td3-lagrangian,118,-362.2405063861923,True,1500
UnderwaterDrone-v0,High,td3-lagrangian,119,-377.3784723792343,True,1500
UnderwaterDrone-v0,High,td3-lagrangian,120,-381.64812032746755,True,1500
UnderwaterDrone-v0,High,td3-lagrangian,121,-798.1059754668308,True,1500
UnderwaterDrone-v0,High,td3-lagrangian,122,-650.4934792294584,True,1500
UnderwaterDrone-v0,High,td3-lagrangian,123,-424.36440126360736,True,1500
UnderwaterDrone-v0,High,td3-lagrangian,124,-694.8103409315496,True,1500
UnderwaterDrone-v0,High,td3-lagrangian,125,-641.1171131102162,True,1500
UnderwaterDrone-v0,High,td3-lagrangian,126,-781.8190817375809,True,1500
UnderwaterDrone-v0,High,td3-lagrangian,127,-538.3531046032366,True,1500
UnderwaterDrone-v0,High,td3-lagrangian,128,-508.71892486626024,True,1500
UnderwaterDrone-v0,High,td3-lagrangian,129,-783.9594391187563,True,1500
UnderwaterDrone-v0,High,td3-lagrangian,130,-779.3733518489018,True,1500
UnderwaterDrone-v0,High,td3-lagrangian,131,-334.9545919721059,True,1500
UnderwaterDrone-v0,High,td3-lagrangian,132,-384.082518771897,True,1500
UnderwaterDrone-v0,High,td3-lagrangian,133,-592.3956847534378,True,1500
UnderwaterDrone-v0,High,td3-lagrangian,134,-383.13174369349935,True,1500
UnderwaterDrone-v0,High,td3-lagrangian,135,-401.832766334462,True,1500
UnderwaterDrone-v0,High,td3-lagrangian,136,-750.8949995515096,True,1500
UnderwaterDrone-v0,High,td3-lagrangian,137,-526.8780756823652,True,1500
UnderwaterDrone-v0,High,td3-lagrangian,138,-298.7663878627226,True,1500
UnderwaterDrone-v0,High,td3-lagrangian,139,-434.3709250308753,True,1500
UnderwaterDrone-v0,High,td3-lagrangian,140,-603.6869094912041,True,1500
UnderwaterDrone-v0,High,td3-lagrangian,141,-364.3077323557694,True,1500
UnderwaterDrone-v0,Low,td3-lagrangian,42,-5373.650538093792,False,1500
UnderwaterDrone-v0,Low,td3-lagrangian,43,-6945.7461497147315,False,1500
UnderwaterDrone-v0,Low,td3-lagrangian,44,-6596.340134182448,False,1500
UnderwaterDrone-v0,Low,td3-lagrangian,45,-6212.737164884432,False,1500
UnderwaterDrone-v0,Low,td3-lagrangian,46,-6687.066791409688,False,1500
UnderwaterDrone-v0,Low,td3-lagrangian,47,-7042.051661014599,False,1500
UnderwaterDrone-v0,Low,td3-lagrangian,48,-6905.624659825043,False,1500
UnderwaterDrone-v0,Low,td3-lagrangian,49,-5876.042014405516,False,1500
UnderwaterDrone-v0,Low,td3-lagrangian,50,-6181.481065721349,False,1500
UnderwaterDrone-v0,Low,td3-lagrangian,51,-6428.822572814008,False,1500
UnderwaterDrone-v0,Low,td3-lagrangian,52,-6909.726370516036,False,1500
UnderwaterDrone-v0,Low,td3-lagrangian,53,-6514.331561076846,False,1500
UnderwaterDrone-v0,Low,td3-lagrangian,54,-6098.657654821839,False,1500
UnderwaterDrone-v0,Low,td3-lagrangian,55,-6796.029554483818,False,1500
UnderwaterDrone-v0,Low,td3-lagrangian,56,-6676.728345901405,False,1500
UnderwaterDrone-v0,Low,td3-lagrangian,57,-5906.844005810922,False,1500
UnderwaterDrone-v0,Low,td3-lagrangian,58,-7308.970602814688,False,1500
UnderwaterDrone-v0,Low,td3-lagrangian,59,-6512.578062719016,False,1500
UnderwaterDrone-v0,Low,td3-lagrangian,60,-7247.198689956934,False,1500
UnderwaterDrone-v0,Low,td3-lagrangian,61,-5041.547238992307,False,1500
UnderwaterDrone-v0,Low,td3-lagrangian,62,-6593.095201574964,False,1500
UnderwaterDrone-v0,Low,td3-lagrangian,63,-5284.511368738941,False,1500
UnderwaterDrone-v0,Low,td3-lagrangian,64,-6494.415400228472,False,1500
UnderwaterDrone-v0,Low,td3-lagrangian,65,-6608.821185685679,False,1500
UnderwaterDrone-v0,Low,td3-lagrangian,66,-7005.592110612392,False,1500
UnderwaterDrone-v0,Low,td3-lagrangian,67,-5511.760240345148,False,1500
UnderwaterDrone-v0,Low,td3-lagrangian,68,-6441.748331154483,False,1500
UnderwaterDrone-v0,Low,td3-lagrangian,69,-6659.315506790446,False,1500
UnderwaterDrone-v0,Low,td3-lagrangian,70,-7094.596269682712,False,1500
UnderwaterDrone-v0,Low,td3-lagrangian,71,-6887.280117626186,False,1500
UnderwaterDrone-v0,Low,td3-lagrangian,72,-6752.08515639823,False,1500
UnderwaterDrone-v0,Low,td3-lagrangian,73,-6630.339718077198,False,1500
UnderwaterDrone-v0,Low,td3-lagrangian,74,-6904.944806565923,False,1500
UnderwaterDrone-v0,Low,td3-lagrangian,75,-6524.699266852659,False,1500
UnderwaterDrone-v0,Low,td3-lagrangian,76,-6367.22649865135,False,1500
UnderwaterDrone-v0,Low,td3-lagrangian,77,-6469.6798933170985,False,1500
UnderwaterDrone-v0,Low,td3-lagrangian,78,-6457.814447028065,False,1500
UnderwaterDrone-v0,Low,td3-lagrangian,79,-6334.555842354942,False,1500
UnderwaterDrone-v0,Low,td3-lagrangian,80,-6764.132641154332,False,1500
UnderwaterDrone-v0,Low,td3-lagrangian,81,-5320.464466260839,False,1500
UnderwaterDrone-v0,Low,td3-lagrangian,82,-5304.4371658715245,False,1500
UnderwaterDrone-v0,Low,td3-lagrangian,83,-6681.171220118507,False,1500
UnderwaterDrone-v0,Low,td3-lagrangian,84,-6853.05337777371,False,1500
UnderwaterDrone-v0,Low,td3-lagrangian,85,-6621.723061543672,False,1500
UnderwaterDrone-v0,Low,td3-lagrangian,86,-6240.3402971441765,False,1500
UnderwaterDrone-v0,Low,td3-lagrangian,87,-6564.638703069654,False,1500
UnderwaterDrone-v0,Low,td3-lagrangian,88,-6305.610190148686,False,1500
UnderwaterDrone-v0,Low,td3-lagrangian,89,-6651.189157563312,False,1500
UnderwaterDrone-v0,Low,td3-lagrangian,90,-6276.405740593995,False,1500
UnderwaterDrone-v0,Low,td3-lagrangian,91,-6766.354521119139,False,1500
UnderwaterDrone-v0,Low,td3-lagrangian,92,-6501.642798045874,False,1500
UnderwaterDrone-v0,Low,td3-lagrangian,93,-6964.594323515385,False,1500
UnderwaterDrone-v0,Low,td3-lagrangian,94,-6462.350680737533,False,1500
UnderwaterDrone-v0,Low,td3-lagrangian,95,-6421.876525224022,False,1500
UnderwaterDrone-v0,Low,td3-lagrangian,96,-4716.889142112124,False,1500
UnderwaterDrone-v0,Low,td3-lagrangian,97,-6840.818258507209,False,1500
UnderwaterDrone-v0,Low,td3-lagrangian,98,-6916.25672827582,False,1500
UnderwaterDrone-v0,Low,td3-lagrangian,99,-6595.010389762593,False,1500
UnderwaterDrone-v0,Low,td3-lagrangian,100,-6574.80286813147,False,1500
UnderwaterDrone-v0,Low,td3-lagrangian,101,-6702.601642195274,False,1500
UnderwaterDrone-v0,Low,td3-lagrangian,102,-6833.810523274398,False,1500
UnderwaterDrone-v0,Low,td3-lagrangian,103,-6239.231810642847,False,1500
UnderwaterDrone-v0,Low,td3-lagrangian,104,-6531.5604314692155,False,1500
UnderwaterDrone-v0,Low,td3-lagrangian,105,-6762.380305627489,False,1500
UnderwaterDrone-v0,Low,td3-lagrangian,106,-5543.58590173714,False,1500
UnderwaterDrone-v0,Low,td3-lagrangian,107,-6422.369909389446,False,1500
UnderwaterDrone-v0,Low,td3-lagrangian,108,-6756.298755556182,False,1500
UnderwaterDrone-v0,Low,td3-lagrangian,109,-6244.93866283667,False,1500
UnderwaterDrone-v0,Low,td3-lagrangian,110,-7266.767497634058,False,1500
UnderwaterDrone-v0,Low,td3-lagrangian,111,-4979.80910365044,False,1500
UnderwaterDrone-v0,Low,td3-lagrangian,112,-4711.47837457203,True,1500
UnderwaterDrone-v0,Low,td3-lagrangian,113,-6866.383547092911,False,1500
UnderwaterDrone-v0,Low,td3-lagrangian,114,-6798.441949720309,False,1500
UnderwaterDrone-v0,Low,td3-lagrangian,115,-6622.422483493803,False,1500
UnderwaterDrone-v0,Low,td3-lagrangian,116,-6609.907120539863,False,1500
UnderwaterDrone-v0,Low,td3-lagrangian,117,-6318.956682276712,False,1500
UnderwaterDrone-v0,Low,td3-lagrangian,118,-7411.607008627229,False,1500
UnderwaterDrone-v0,Low,td3-lagrangian,119,-6600.318382789117,False,1500
UnderwaterDrone-v0,Low,td3-lagrangian,120,-6424.063946854801,False,1500
UnderwaterDrone-v0,Low,td3-lagrangian,121,-6007.008701774088,False,1500
UnderwaterDrone-v0,Low,td3-lagrangian,122,-6629.751165627716,False,1500
UnderwaterDrone-v0,Low,td3-lagrangian,123,-5991.490535628156,False,1500
UnderwaterDrone-v0,Low,td3-lagrangian,124,-6736.472436659457,False,1500
UnderwaterDrone-v0,Low,td3-lagrangian,125,-6863.5187086118685,False,1500
UnderwaterDrone-v0,Low,td3-lagrangian,126,-6148.528019166244,False,1500
UnderwaterDrone-v0,Low,td3-lagrangian,127,-6608.8184322376455,False,1500
UnderwaterDrone-v0,Low,td3-lagrangian,128,-6642.729705422501,False,1500
UnderwaterDrone-v0,Low,td3-lagrangian,129,-6184.049106973409,False,1500
UnderwaterDrone-v0,Low,td3-lagrangian,130,-6712.4663880105945,False,1500
UnderwaterDrone-v0,Low,td3-lagrangian,131,-6761.431251823048,False,1500
UnderwaterDrone-v0,Low,td3-lagrangian,132,-6252.129196688394,False,1500
UnderwaterDrone-v0,Low,td3-lagrangian,133,-6671.480143062086,False,1500
UnderwaterDrone-v0,Low,td3-lagrangian,134,-6374.659123287242,False,1500
UnderwaterDrone-v0,Low,td3-lagrangian,135,-6313.452653330703,False,1500
UnderwaterDrone-v0,Low,td3-lagrangian,136,-6637.653796750705,False,1500
UnderwaterDrone-v0,Low,td3-lagrangian,137,-6318.11554221626,False,1500
UnderwaterDrone-v0,Low,td3-lagrangian,138,-6963.050192635249,False,1500
UnderwaterDrone-v0,Low,td3-lagrangian,139,-6593.418324711914,False,1500
UnderwaterDrone-v0,Low,td3-lagrangian,140,-6353.330851077323,False,1500
UnderwaterDrone-v0,Low,td3-lagrangian,141,-6944.612958993986,False,1500
UnderwaterDrone-v0,Mid,td3-lagrangian,42,-1939.5037806274254,True,1500
UnderwaterDrone-v0,Mid,td3-lagrangian,43,-942.0380855173854,True,1500
UnderwaterDrone-v0,Mid,td3-lagrangian,44,-946.7163109611769,True,1500
UnderwaterDrone-v0,Mid,td3-lagrangian,45,-606.3532843198628,True,1500
UnderwaterDrone-v0,Mid,td3-lagrangian,46,-371.53567442321224,True,1500
UnderwaterDrone-v0,Mid,td3-lagrangian,47,-2208.564642234698,True,1500
UnderwaterDrone-v0,Mid,td3-lagrangian,48,-1040.0237821504265,True,1500
UnderwaterDrone-v0,Mid,td3-lagrangian,49,-798.7447768309366,True,1500
UnderwaterDrone-v0,Mid,td3-lagrangian,50,-761.7949964829302,True,1500
UnderwaterDrone-v0,Mid,td3-lagrangian,51,-888.9898247292335,True,1500
UnderwaterDrone-v0,Mid,td3-lagrangian,52,-1012.6581813870349,True,1500
UnderwaterDrone-v0,Mid,td3-lagrangian,53,-543.2359921631149,True,1500
UnderwaterDrone-v0,Mid,td3-lagrangian,54,-701.9465214653242,True,1500
UnderwaterDrone-v0,Mid,td3-lagrangian,55,-1017.8348086666997,True,1500
UnderwaterDrone-v0,Mid,td3-lagrangian,56,-899.309279040797,True,1500
UnderwaterDrone-v0,Mid,td3-lagrangian,57,-941.805242870378,True,1500
UnderwaterDrone-v0,Mid,td3-lagrangian,58,-814.1974108214766,True,1500
UnderwaterDrone-v0,Mid,td3-lagrangian,59,-954.659262897078,True,1500
UnderwaterDrone-v0,Mid,td3-lagrangian,60,-795.4724679042346,True,1500
UnderwaterDrone-v0,Mid,td3-lagrangian,61,-836.7478310524511,True,1500
UnderwaterDrone-v0,Mid,td3-lagrangian,62,-920.1380527994814,True,1500
UnderwaterDrone-v0,Mid,td3-lagrangian,63,-644.9198562740204,True,1500
UnderwaterDrone-v0,Mid,td3-lagrangian,64,-727.5120707364728,True,1500
UnderwaterDrone-v0,Mid,td3-lagrangian,65,-1097.1251507217228,True,1500
UnderwaterDrone-v0,Mid,td3-lagrangian,66,-912.5217821161322,True,1500
UnderwaterDrone-v0,Mid,td3-lagrangian,67,-711.7740708671007,True,1500
UnderwaterDrone-v0,Mid,td3-lagrangian,68,-1132.7682374829733,True,1500
UnderwaterDrone-v0,Mid,td3-lagrangian,69,-2011.8935295646286,True,1500
UnderwaterDrone-v0,Mid,td3-lagrangian,70,-328.50110344847985,True,1500
UnderwaterDrone-v0,Mid,td3-lagrangian,71,-887.7216082920203,True,1500
UnderwaterDrone-v0,Mid,td3-lagrangian,72,-2067.573219817861,True,1500
UnderwaterDrone-v0,Mid,td3-lagrangian,73,-605.7830281556702,True,1500
UnderwaterDrone-v0,Mid,td3-lagrangian,74,-2055.580428973512,True,1500
UnderwaterDrone-v0,Mid,td3-lagrangian,75,-833.3061454569669,True,1500
UnderwaterDrone-v0,Mid,td3-lagrangian,76,-2032.0482486317615,True,1500
UnderwaterDrone-v0,Mid,td3-lagrangian,77,-702.0432267554856,True,1500
UnderwaterDrone-v0,Mid,td3-lagrangian,78,-2074.339635861535,True,1500
UnderwaterDrone-v0,Mid,td3-lagrangian,79,-737.3683500387771,True,1500
UnderwaterDrone-v0,Mid,td3-lagrangian,80,-585.285057829248,True,1500
UnderwaterDrone-v0,Mid,td3-lagrangian,81,-755.0557414702972,True,1500
UnderwaterDrone-v0,Mid,td3-lagrangian,82,-2029.107601045216,True,1500
UnderwaterDrone-v0,Mid,td3-lagrangian,83,-2038.6072188773928,True,1500
UnderwaterDrone-v0,Mid,td3-lagrangian,84,-839.617294099446,True,1500
UnderwaterDrone-v0,Mid,td3-lagrangian,85,-547.2109447912112,True,1500
UnderwaterDrone-v0,Mid,td3-lagrangian,86,-771.2630441559359,True,1500
UnderwaterDrone-v0,Mid,td3-lagrangian,87,-729.0769017682981,True,1500
UnderwaterDrone-v0,Mid,td3-lagrangian,88,-442.3764313372259,True,1500
UnderwaterDrone-v0,Mid,td3-lagrangian,89,-827.3286399797455,True,1500
UnderwaterDrone-v0,Mid,td3-lagrangian,90,-940.4989903254801,True,1500
UnderwaterDrone-v0,Mid,td3-lagrangian,91,-871.9075808424008,True,1500
UnderwaterDrone-v0,Mid,td3-lagrangian,92,-367.9958672341015,True,1500
UnderwaterDrone-v0,Mid,td3-lagrangian,93,-384.5987824042913,True,1500
UnderwaterDrone-v0,Mid,td3-lagrangian,94,-615.9367511693082,True,1500
UnderwaterDrone-v0,Mid,td3-lagrangian,95,-856.1708300396201,True,1500
UnderwaterDrone-v0,Mid,td3-lagrangian,96,-2107.8267687926964,True,1500
UnderwaterDrone-v0,Mid,td3-lagrangian,97,-585.7933233640682,True,1500
UnderwaterDrone-v0,Mid,td3-lagrangian,98,-453.3763134079491,True,1500
UnderwaterDrone-v0,Mid,td3-lagrangian,99,-733.913154920746,True,1500
UnderwaterDrone-v0,Mid,td3-lagrangian,100,-787.6257581322037,True,1500
UnderwaterDrone-v0,Mid,td3-lagrangian,101,-646.6031074034821,True,1500
UnderwaterDrone-v0,Mid,td3-lagrangian,102,-446.4373080302236,True,1500
UnderwaterDrone-v0,Mid,td3-lagrangian,103,-721.5326268210266,True,1500
UnderwaterDrone-v0,Mid,td3-lagrangian,104,-986.728347982366,True,1500
UnderwaterDrone-v0,Mid,td3-lagrangian,105,-1051.9500447476516,True,1500
UnderwaterDrone-v0,Mid,td3-lagrangian,106,-2271.3692775095233,True,1500
UnderwaterDrone-v0,Mid,td3-lagrangian,107,-2059.6918821500603,True,1500
UnderwaterDrone-v0,Mid,td3-lagrangian,108,-1098.1623434202743,True,1500
UnderwaterDrone-v0,Mid,td3-lagrangian,109,-709.1881068273394,True,1500
UnderwaterDrone-v0,Mid,td3-lagrangian,110,-2052.9509489744078,True,1500
UnderwaterDrone-v0,Mid,td3-lagrangian,111,-805.2185675822063,True,1500
UnderwaterDrone-v0,Mid,td3-lagrangian,112,-783.2628235694275,True,1500
UnderwaterDrone-v0,Mid,td3-lagrangian,113,-1039.2068155678,True,1500
UnderwaterDrone-v0,Mid,td3-lagrangian,114,-2077.3648093352367,True,1500
UnderwaterDrone-v0,Mid,td3-lagrangian,115,-2063.7519407933087,True,1500
UnderwaterDrone-v0,Mid,td3-lagrangian,116,-934.9562249069977,True,1500
UnderwaterDrone-v0,Mid,td3-lagrangian,117,-643.3876735754582,True,1500
UnderwaterDrone-v0,Mid,td3-lagrangian,118,-402.23239103655703,True,1500
UnderwaterDrone-v0,Mid,td3-lagrangian,119,-422.4573370619826,True,1500
UnderwaterDrone-v0,Mid,td3-lagrangian,120,-581.3906437392865,True,1500
UnderwaterDrone-v0,Mid,td3-lagrangian,121,-984.3330290245157,True,1500
UnderwaterDrone-v0,Mid,td3-lagrangian,122,-2054.095376794736,True,1500
UnderwaterDrone-v0,Mid,td3-lagrangian,123,-631.2352168200239,True,1500
UnderwaterDrone-v0,Mid,td3-lagrangian,124,-2072.826709255168,True,1500
UnderwaterDrone-v0,Mid,td3-lagrangian,125,-1003.2757624693862,True,1500
UnderwaterDrone-v0,Mid,td3-lagrangian,126,-1040.600784288261,True,1500
UnderwaterDrone-v0,Mid,td3-lagrangian,127,-821.078723167877,True,1500
UnderwaterDrone-v0,Mid,td3-lagrangian,128,-789.875470810276,True,1500
UnderwaterDrone-v0,Mid,td3-lagrangian,129,-793.9199425058272,True,1500
UnderwaterDrone-v0,Mid,td3-lagrangian,130,-920.7731972751176,True,1500
UnderwaterDrone-v0,Mid,td3-lagrangian,131,-1962.5518659343725,True,1500
UnderwaterDrone-v0,Mid,td3-lagrangian,132,-639.5650612901464,True,1500
UnderwaterDrone-v0,Mid,td3-lagrangian,133,-850.5529360537472,True,1500
UnderwaterDrone-v0,Mid,td3-lagrangian,134,-417.2525588971403,True,1500
UnderwaterDrone-v0,Mid,td3-lagrangian,135,-540.2336044275045,True,1500
UnderwaterDrone-v0,Mid,td3-lagrangian,136,-1009.5289960910957,True,1500
UnderwaterDrone-v0,Mid,td3-lagrangian,137,-1028.442032396689,True,1500
UnderwaterDrone-v0,Mid,td3-lagrangian,138,-347.2284177541604,True,1500
UnderwaterDrone-v0,Mid,td3-lagrangian,139,-681.1803467532485,True,1500
UnderwaterDrone-v0,Mid,td3-lagrangian,140,-889.8956644523635,True,1500
UnderwaterDrone-v0,Mid,td3-lagrangian,141,-454.0480900262649,True,1500
